Timestamp,MAC,RSSI,UUID,RPI,Version,TX_Power,Reserved
1588169365.7169747,b8:27:eb:18:18:33,-52,fd6f,a1020304050607080910111213141516,40,0c,0000
1588169376.17536,b8:27:eb:18:18:33,-51,fd6f,a1020304050607080910111213141516,40,0c,0000
1588169386.5369966,b8:27:eb:18:18:33,-51,fd6f,a1020304050607080910111213141516,40,0c,0000
1588169396.991383,b8:27:eb:18:18:33,-63,fd6f,a1020304050607080910111213141516,40,0c,0000
1588169407.4307451,b8:27:eb:18:18:33,-63,fd6f,a1020304050607080910111213141516,40,0c,0000
1588169417.8069642,b8:27:eb:18:18:33,-49,fd6f,a1020304050607080910111213141516,40,0c,0000
1588169428.242789,b8:27:eb:18:18:33,-63,fd6f,a1020304050607080910111213141516,40,0c,0000
1588169438.7423074,b8:27:eb:18:18:33,-51,fd6f,a1020304050607080910111213141516,40,0c,0000
1588169449.185832,b8:27:eb:18:18:33,-48,fd6f,a1020304050607080910111213141516,40,0c,0000
1588169459.6388683,b8:27:eb:18:18:33,-51,fd6f,a1020304050607080910111213141516,40,0c,0000
1588169470.033738,b8:27:eb:18:18:33,-63,fd6f,a1020304050607080910111213141516,40,0c,0000
1588169480.4170883,b8:27:eb:18:18:33,-57,fd6f,a1020304050607080910111213141516,40,0c,0000
1588169490.8807774,b8:27:eb:18:18:33,-56,fd6f,a1020304050607080910111213141516,40,0c,0000
1588169501.2862296,b8:27:eb:18:18:33,-35,fd6f,a1020304050607080910111213141516,40,0c,0000
1588169511.711927,b8:27:eb:18:18:33,-49,fd6f,a1020304050607080910111213141516,40,0c,0000
1588169522.1762195,b8:27:eb:18:18:33,-57,fd6f,a1020304050607080910111213141516,40,0c,0000
1588169532.595985,b8:27:eb:18:18:33,-62,fd6f,a1020304050607080910111213141516,40,0c,0000
1588169543.0273292,b8:27:eb:18:18:33,-56,fd6f,a1020304050607080910111213141516,40,0c,0000
1588169553.4124143,b8:27:eb:18:18:33,-58,fd6f,a1020304050607080910111213141516,40,0c,0000
1588169563.8362672,b8:27:eb:18:18:33,-63,fd6f,a1020304050607080910111213141516,40,0c,0000
1588169589.0918899,b8:27:eb:18:18:33,-4294967295,fd06,0007080910111213141516400c0000c2,04,3e,2b02
1588169599.49767,b8:27:eb:18:18:33,-35,fd6f,a1020304050607080910111213141516,40,0c,0000
1588169609.970504,b8:27:eb:18:18:33,-35,fd6f,a1020304050607080910111213141516,40,0c,0000
1588169681.4846733,b8:27:eb:18:18:33,-51,fd6f,a1020304050607080910111213141516,40,0c,0000
1588169873.4275453,b8:27:eb:18:18:33,-42,fd6f,a1020304050607080910111213141516,40,0c,0000
1588169883.801044,b8:27:eb:18:18:33,-56,fd6f,a1020304050607080910111213141516,40,0c,0000
1588169894.2502573,b8:27:eb:18:18:33,-62,fd6f,a1020304050607080910111213141516,40,0c,0000
1588169904.641098,b8:27:eb:18:18:33,-35,fd6f,a1020304050607080910111213141516,40,0c,0000
1588169915.0350645,b8:27:eb:18:18:33,-35,fd6f,a1020304050607080910111213141516,40,0c,0000
1588169925.3835015,b8:27:eb:18:18:33,-51,fd6f,a1020304050607080910111213141516,40,0c,0000
1588169935.8243873,b8:27:eb:18:18:33,-51,fd6f,a1020304050607080910111213141516,40,0c,0000
1588169946.1795805,b8:27:eb:18:18:33,-35,fd6f,a1020304050607080910111213141516,40,0c,0000
1588169956.6619754,b8:27:eb:18:18:33,-62,fd6f,a1020304050607080910111213141516,40,0c,0000
1588169967.0369697,b8:27:eb:18:18:33,-64,fd6f,a1020304050607080910111213141516,40,0c,0000
1588169977.3636878,b8:27:eb:18:18:33,-51,fd6f,a1020304050607080910111213141516,40,0c,0000
1588169987.775229,b8:27:eb:18:18:33,-35,fd6f,a1020304050607080910111213141516,40,0c,0000
1588169998.224631,b8:27:eb:18:18:33,-56,fd6f,a1020304050607080910111213141516,40,0c,0000
1588170008.6803365,b8:27:eb:18:18:33,-57,fd6f,a1020304050607080910111213141516,40,0c,0000
1588170019.0937383,b8:27:eb:18:18:33,-62,fd6f,a1020304050607080910111213141516,40,0c,0000
1588170029.497997,b8:27:eb:18:18:33,-62,fd6f,a1020304050607080910111213141516,40,0c,0000
1588170039.8727841,b8:27:eb:18:18:33,-43,fd6f,a1020304050607080910111213141516,40,0c,0000
1588170050.323406,b8:27:eb:18:18:33,-51,fd6f,a1020304050607080910111213141516,40,0c,0000
1588170060.6884809,b8:27:eb:18:18:33,-48,fd6f,a1020304050607080910111213141516,40,0c,0000
1588170071.0914023,b8:27:eb:18:18:33,-51,fd6f,a1020304050607080910111213141516,40,0c,0000
1588170081.559226,b8:27:eb:18:18:33,-35,fd6f,a1020304050607080910111213141516,40,0c,0000
1588170092.041097,b8:27:eb:18:18:33,-62,fd6f,a1020304050607080910111213141516,40,0c,0000
1588170102.4840665,b8:27:eb:18:18:33,-58,fd6f,a1020304050607080910111213141516,40,0c,0000
1588170112.949065,b8:27:eb:18:18:33,-51,fd6f,a1020304050607080910111213141516,40,0c,0000
1588170123.4046333,b8:27:eb:18:18:33,-35,fd6f,a1020304050607080910111213141516,40,0c,0000
1588170133.8253646,b8:27:eb:18:18:33,-56,fd6f,a1020304050607080910111213141516,40,0c,0000
1588170144.2542503,b8:27:eb:18:18:33,-62,fd6f,a1020304050607080910111213141516,40,0c,0000
1588170154.6942656,b8:27:eb:18:18:33,-56,fd6f,a1020304050607080910111213141516,40,0c,0000
1588170165.1282394,b8:27:eb:18:18:33,-56,fd6f,a1020304050607080910111213141516,40,0c,0000
1588170175.602639,b8:27:eb:18:18:33,-48,fd6f,a1020304050607080910111213141516,40,0c,0000
1588170185.925473,b8:27:eb:18:18:33,-42,fd6f,a1020304050607080910111213141516,40,0c,0000
1588170196.3849993,b8:27:eb:18:18:33,-64,fd6f,a1020304050607080910111213141516,40,0c,0000
1588170206.836753,b8:27:eb:18:18:33,-57,fd6f,a1020304050607080910111213141516,40,0c,0000
1588170217.2835755,b8:27:eb:18:18:33,-62,fd6f,a1020304050607080910111213141516,40,0c,0000
1588170227.7381408,b8:27:eb:18:18:33,-48,fd6f,a1020304050607080910111213141516,40,0c,0000
1588170238.1895735,b8:27:eb:18:18:33,-42,fd6f,a1020304050607080910111213141516,40,0c,0000
1588170248.6520417,b8:27:eb:18:18:33,-63,fd6f,a1020304050607080910111213141516,40,0c,0000
1588170259.0257576,b8:27:eb:18:18:33,-48,fd6f,a1020304050607080910111213141516,40,0c,0000
1588170269.4380705,b8:27:eb:18:18:33,-56,fd6f,a1020304050607080910111213141516,40,0c,0000
1588170279.9074478,b8:27:eb:18:18:33,-51,fd6f,a1020304050607080910111213141516,40,0c,0000
1588170290.295077,b8:27:eb:18:18:33,-51,fd6f,a1020304050607080910111213141516,40,0c,0000
1588170300.701792,b8:27:eb:18:18:33,-56,fd6f,a1020304050607080910111213141516,40,0c,0000
1588170311.165588,b8:27:eb:18:18:33,-63,fd6f,a1020304050607080910111213141516,40,0c,0000
1588170321.632343,b8:27:eb:18:18:33,-51,fd6f,a1020304050607080910111213141516,40,0c,0000
1588170332.0048597,b8:27:eb:18:18:33,-48,fd6f,a1020304050607080910111213141516,40,0c,0000
1588170342.4484324,b8:27:eb:18:18:33,-67,fd6f,a1020304050607080910111213141516,40,0c,0000
1588170352.8463001,b8:27:eb:18:18:33,-57,fd6f,a1020304050607080910111213141516,40,0c,0000
1588170363.2185879,b8:27:eb:18:18:33,-35,fd6f,a1020304050607080910111213141516,40,0c,0000
1588170373.5914474,b8:27:eb:18:18:33,-64,fd6f,a1020304050607080910111213141516,40,0c,0000
1588170383.9016726,b8:27:eb:18:18:33,-51,fd6f,a1020304050607080910111213141516,40,0c,0000
1588170394.3020654,b8:27:eb:18:18:33,-62,fd6f,a1020304050607080910111213141516,40,0c,0000
1588170404.705317,b8:27:eb:18:18:33,-57,fd6f,a1020304050607080910111213141516,40,0c,0000
1588170415.120223,b8:27:eb:18:18:33,-56,fd6f,a1020304050607080910111213141516,40,0c,0000
1588170425.5237973,b8:27:eb:18:18:33,-52,fd6f,a1020304050607080910111213141516,40,0c,0000
1588170435.9755864,b8:27:eb:18:18:33,-43,fd6f,a1020304050607080910111213141516,40,0c,0000
1588170446.404133,b8:27:eb:18:18:33,-56,fd6f,a1020304050607080910111213141516,40,0c,0000
1588170456.8451989,b8:27:eb:18:18:33,-51,fd6f,a1020304050607080910111213141516,40,0c,0000
1588170467.3148968,b8:27:eb:18:18:33,-35,fd6f,a1020304050607080910111213141516,40,0c,0000
1588170477.7820637,b8:27:eb:18:18:33,-56,fd6f,a1020304050607080910111213141516,40,0c,0000
1588170488.201488,b8:27:eb:18:18:33,-48,fd6f,a1020304050607080910111213141516,40,0c,0000
1588170498.54133,b8:27:eb:18:18:33,-56,fd6f,a1020304050607080910111213141516,40,0c,0000
1588170508.9829695,b8:27:eb:18:18:33,-43,fd6f,a1020304050607080910111213141516,40,0c,0000
1588170519.4133341,b8:27:eb:18:18:33,-64,fd6f,a1020304050607080910111213141516,40,0c,0000
1588170529.887682,b8:27:eb:18:18:33,-35,fd6f,a1020304050607080910111213141516,40,0c,0000
1588170540.354629,b8:27:eb:18:18:33,-56,fd6f,a1020304050607080910111213141516,40,0c,0000
1588170550.8279505,b8:27:eb:18:18:33,-51,fd6f,a1020304050607080910111213141516,40,0c,0000
1588170561.2598243,b8:27:eb:18:18:33,-36,fd6f,a1020304050607080910111213141516,40,0c,0000
1588170571.6872034,b8:27:eb:18:18:33,-48,fd6f,a1020304050607080910111213141516,40,0c,0000
1588170612.2651043,b8:27:eb:18:18:33,-52,fd6f,a1020304050607080910111213141516,40,0c,0000
1588170622.6966918,b8:27:eb:18:18:33,-56,fd6f,a1020304050607080910111213141516,40,0c,0000
1588170633.0482788,b8:27:eb:18:18:33,-62,fd6f,a1020304050607080910111213141516,40,0c,0000
1588170643.5079567,b8:27:eb:18:18:33,-47,fd6f,a1020304050607080910111213141516,40,0c,0000
1588170653.9144158,b8:27:eb:18:18:33,-62,fd6f,a1020304050607080910111213141516,40,0c,0000
1588170664.3067126,b8:27:eb:18:18:33,-56,fd6f,a1020304050607080910111213141516,40,0c,0000
1588170674.7519846,b8:27:eb:18:18:33,-47,fd6f,a1020304050607080910111213141516,40,0c,0000
1588170685.188221,b8:27:eb:18:18:33,-56,fd6f,a1020304050607080910111213141516,40,0c,0000
1588170695.607453,b8:27:eb:18:18:33,-48,fd6f,a1020304050607080910111213141516,40,0c,0000
1588170705.9643495,b8:27:eb:18:18:33,-48,fd6f,a1020304050607080910111213141516,40,0c,0000
1588170716.3032637,b8:27:eb:18:18:33,-52,fd6f,a1020304050607080910111213141516,40,0c,0000
1588170726.6807551,b8:27:eb:18:18:33,-62,fd6f,a1020304050607080910111213141516,40,0c,0000
1588170737.114008,b8:27:eb:18:18:33,-48,fd6f,a1020304050607080910111213141516,40,0c,0000
1588170747.581077,b8:27:eb:18:18:33,-56,fd6f,a1020304050607080910111213141516,40,0c,0000
1588170758.0511224,b8:27:eb:18:18:33,-52,fd6f,a1020304050607080910111213141516,40,0c,0000
1588170768.5342362,b8:27:eb:18:18:33,-47,fd6f,a1020304050607080910111213141516,40,0c,0000
1588170779.0409467,b8:27:eb:18:18:33,-62,fd6f,a1020304050607080910111213141516,40,0c,0000
1588170789.4839313,b8:27:eb:18:18:33,-64,fd6f,a1020304050607080910111213141516,40,0c,0000
1588170799.9053228,b8:27:eb:18:18:33,-35,fd6f,a1020304050607080910111213141516,40,0c,0000
1588170810.29114,b8:27:eb:18:18:33,-42,fd6f,a1020304050607080910111213141516,40,0c,0000
1588170820.7472706,b8:27:eb:18:18:33,-42,fd6f,a1020304050607080910111213141516,40,0c,0000
1588170831.1606371,b8:27:eb:18:18:33,-56,fd6f,a1020304050607080910111213141516,40,0c,0000
1588170841.6186726,b8:27:eb:18:18:33,-51,fd6f,a1020304050607080910111213141516,40,0c,0000
1588170852.0237815,b8:27:eb:18:18:33,-35,fd6f,a1020304050607080910111213141516,40,0c,0000
1588170862.4993355,b8:27:eb:18:18:33,-58,fd6f,a1020304050607080910111213141516,40,0c,0000
1588170872.9705882,b8:27:eb:18:18:33,-35,fd6f,a1020304050607080910111213141516,40,0c,0000
1588170883.4218252,b8:27:eb:18:18:33,-62,fd6f,a1020304050607080910111213141516,40,0c,0000
1588170893.9176211,b8:27:eb:18:18:33,-51,fd6f,a1020304050607080910111213141516,40,0c,0000
1588170904.3369513,b8:27:eb:18:18:33,-42,fd6f,a1020304050607080910111213141516,40,0c,0000
1588170925.2726626,b8:27:eb:18:18:33,-51,fd6f,a1020304050607080910111213141516,40,0c,0000
1588170935.6659405,b8:27:eb:18:18:33,-57,fd6f,a1020304050607080910111213141516,40,0c,0000
1588170946.069909,b8:27:eb:18:18:33,-48,fd6f,a1020304050607080910111213141516,40,0c,0000
1588170956.5264978,b8:27:eb:18:18:33,-31,fd6f,a1020304050607080910111213141516,40,0c,0000
1588170966.9322834,b8:27:eb:18:18:33,-52,fd6f,a1020304050607080910111213141516,40,0c,0000
1588170977.4015071,b8:27:eb:18:18:33,-35,fd6f,a1020304050607080910111213141516,40,0c,0000
1588170987.7811432,b8:27:eb:18:18:33,-35,fd6f,a1020304050607080910111213141516,40,0c,0000
1588170998.1724267,b8:27:eb:18:18:33,-57,fd6f,a1020304050607080910111213141516,40,0c,0000
1588171008.587354,b8:27:eb:18:18:33,-49,fd6f,a1020304050607080910111213141516,40,0c,0000
1588171019.0646613,b8:27:eb:18:18:33,-58,fd6f,a1020304050607080910111213141516,40,0c,0000
1588171029.5111554,b8:27:eb:18:18:33,-48,fd6f,a1020304050607080910111213141516,40,0c,0000
1588171039.9924333,b8:27:eb:18:18:33,-47,fd6f,a1020304050607080910111213141516,40,0c,0000
1588171050.4832172,b8:27:eb:18:18:33,-58,fd6f,a1020304050607080910111213141516,40,0c,0000
1588171081.717781,b8:27:eb:18:18:33,-56,fd6f,a1020304050607080910111213141516,40,0c,0000
1588171092.146137,b8:27:eb:18:18:33,-48,fd6f,a1020304050607080910111213141516,40,0c,0000
1588171154.7124553,b8:27:eb:18:18:33,-62,fd6f,a1020304050607080910111213141516,40,0c,0000
1588171331.3890827,b8:27:eb:18:18:33,-57,fd6f,a1020304050607080910111213141516,40,0c,0000
1588171341.8244205,b8:27:eb:18:18:33,-58,fd6f,a1020304050607080910111213141516,40,0c,0000
1588171373.0592012,b8:27:eb:18:18:33,-63,fd6f,a1020304050607080910111213141516,40,0c,0000
1588171414.6492803,b8:27:eb:18:18:33,-35,fd6f,a1020304050607080910111213141516,40,0c,0000
1588171435.3830051,b8:27:eb:18:18:33,-57,fd6f,a1020304050607080910111213141516,40,0c,0000
1588171476.8705473,b8:27:eb:18:18:33,-63,fd6f,a1020304050607080910111213141516,40,0c,0000
1588171487.2828844,b8:27:eb:18:18:33,-63,fd6f,a1020304050607080910111213141516,40,0c,0000
1588171497.6798832,b8:27:eb:18:18:33,-52,fd6f,a1020304050607080910111213141516,40,0c,0000
1588171508.1192646,b8:27:eb:18:18:33,-63,fd6f,a1020304050607080910111213141516,40,0c,0000
1588171518.5906103,b8:27:eb:18:18:33,-48,fd6f,a1020304050607080910111213141516,40,0c,0000
1588171529.090017,b8:27:eb:18:18:33,-52,fd6f,a1020304050607080910111213141516,40,0c,0000
1588171539.5557442,b8:27:eb:18:18:33,-51,fd6f,a1020304050607080910111213141516,40,0c,0000
1588171549.982363,b8:27:eb:18:18:33,-57,fd6f,a1020304050607080910111213141516,40,0c,0000
1588171560.3937054,b8:27:eb:18:18:33,-57,fd6f,a1020304050607080910111213141516,40,0c,0000
1588171570.7861109,b8:27:eb:18:18:33,-43,fd6f,a1020304050607080910111213141516,40,0c,0000
1588171581.2584505,b8:27:eb:18:18:33,-51,fd6f,a1020304050607080910111213141516,40,0c,0000
1588171591.6573381,b8:27:eb:18:18:33,-63,fd6f,a1020304050607080910111213141516,40,0c,0000
1588171602.1503377,b8:27:eb:18:18:33,-57,fd6f,a1020304050607080910111213141516,40,0c,0000
1588171612.5426323,b8:27:eb:18:18:33,-47,fd6f,a1020304050607080910111213141516,40,0c,0000
1588171633.3394432,b8:27:eb:18:18:33,-64,fd6f,a1020304050607080910111213141516,40,0c,0000
1588171643.749449,b8:27:eb:18:18:33,-63,fd6f,a1020304050607080910111213141516,40,0c,0000
1588171751.338673,b8:27:eb:18:18:33,-63,fd6f,a1020304050607080910111213141516,40,0c,0000
1588171761.7295692,b8:27:eb:18:18:33,-49,fd6f,a1020304050607080910111213141516,40,0c,0000
1588171772.1328247,b8:27:eb:18:18:33,-57,fd6f,a1020304050607080910111213141516,40,0c,0000
1588171845.0629556,b8:27:eb:18:18:33,-57,fd6f,a1020304050607080910111213141516,40,0c,0000
1588171855.527553,b8:27:eb:18:18:33,-51,fd6f,a1020304050607080910111213141516,40,0c,0000
1588171865.9858623,b8:27:eb:18:18:33,-62,fd6f,a1020304050607080910111213141516,40,0c,0000
1588171876.4589422,b8:27:eb:18:18:33,-64,fd6f,a1020304050607080910111213141516,40,0c,0000
1588171886.9013565,b8:27:eb:18:18:33,-31,fd6f,a1020304050607080910111213141516,40,0c,0000
1588171897.258968,b8:27:eb:18:18:33,-58,fd6f,a1020304050607080910111213141516,40,0c,0000
1588171907.7132308,b8:27:eb:18:18:33,-51,fd6f,a1020304050607080910111213141516,40,0c,0000
1588171918.1642454,b8:27:eb:18:18:33,-63,fd6f,a1020304050607080910111213141516,40,0c,0000
1588171928.6238286,b8:27:eb:18:18:33,-48,fd6f,a1020304050607080910111213141516,40,0c,0000
1588171939.0873768,b8:27:eb:18:18:33,-52,fd6f,a1020304050607080910111213141516,40,0c,0000
1588171949.4818983,b8:27:eb:18:18:33,-48,fd6f,a1020304050607080910111213141516,40,0c,0000
1588171959.8875823,b8:27:eb:18:18:33,-57,fd6f,a1020304050607080910111213141516,40,0c,0000
1588171970.2871828,b8:27:eb:18:18:33,-43,fd6f,a1020304050607080910111213141516,40,0c,0000
1588171980.7633283,b8:27:eb:18:18:33,-35,fd6f,a1020304050607080910111213141516,40,0c,0000
1588171991.098933,b8:27:eb:18:18:33,-44,fd6f,a1020304050607080910111213141516,40,0c,0000
1588172001.5206141,b8:27:eb:18:18:33,-57,fd6f,a1020304050607080910111213141516,40,0c,0000
1588172011.9730294,b8:27:eb:18:18:33,-51,fd6f,a1020304050607080910111213141516,40,0c,0000
1588172022.448938,b8:27:eb:18:18:33,-57,fd6f,a1020304050607080910111213141516,40,0c,0000
1588172032.9359157,b8:27:eb:18:18:33,-43,fd6f,a1020304050607080910111213141516,40,0c,0000
1588172043.4010031,b8:27:eb:18:18:33,-35,fd6f,a1020304050607080910111213141516,40,0c,0000
1588172053.8688889,b8:27:eb:18:18:33,-49,fd6f,a1020304050607080910111213141516,40,0c,0000
1588172064.3193295,b8:27:eb:18:18:33,-59,fd6f,a1020304050607080910111213141516,40,0c,0000
1588172074.7996585,b8:27:eb:18:18:33,-48,fd6f,a1020304050607080910111213141516,40,0c,0000
1588172085.2128146,b8:27:eb:18:18:33,-48,fd6f,a1020304050607080910111213141516,40,0c,0000
1588172095.5697849,b8:27:eb:18:18:33,-63,fd6f,a1020304050607080910111213141516,40,0c,0000
1588172106.1658092,b8:27:eb:18:18:33,-62,fd6f,a1020304050607080910111213141516,40,0c,0000
1588172116.59466,b8:27:eb:18:18:33,-64,fd6f,a1020304050607080910111213141516,40,0c,0000
1588172147.9016247,b8:27:eb:18:18:33,-43,fd6f,a1020304050607080910111213141516,40,0c,0000
1588172605.8052685,b8:27:eb:18:18:33,-57,fd6f,a1020304050607080910111213141516,40,0c,0000
1588172616.2159529,b8:27:eb:18:18:33,-44,fd6f,a1020304050607080910111213141516,40,0c,0000
1588172626.627644,b8:27:eb:18:18:33,-49,fd6f,a1020304050607080910111213141516,40,0c,0000
1588172637.0759914,b8:27:eb:18:18:33,-57,fd6f,a1020304050607080910111213141516,40,0c,0000
1588172647.5016973,b8:27:eb:18:18:33,-57,fd6f,a1020304050607080910111213141516,40,0c,0000
1588172657.9525616,b8:27:eb:18:18:33,-57,fd6f,a1020304050607080910111213141516,40,0c,0000
1588172668.283826,b8:27:eb:18:18:33,-52,fd6f,a1020304050607080910111213141516,40,0c,0000
1588172678.7200983,b8:27:eb:18:18:33,-62,fd6f,a1020304050607080910111213141516,40,0c,0000
1588172689.034868,b8:27:eb:18:18:33,-57,fd6f,a1020304050607080910111213141516,40,0c,0000
1588172699.453263,b8:27:eb:18:18:33,-62,fd6f,a1020304050607080910111213141516,40,0c,0000
1588172709.915147,b8:27:eb:18:18:33,-57,fd6f,a1020304050607080910111213141516,40,0c,0000
1588172720.3190432,b8:27:eb:18:18:33,-52,fd6f,a1020304050607080910111213141516,40,0c,0000
1588172730.7366288,b8:27:eb:18:18:33,-63,fd6f,a1020304050607080910111213141516,40,0c,0000
1588172741.2042825,b8:27:eb:18:18:33,-64,fd6f,a1020304050607080910111213141516,40,0c,0000
1588172751.6286845,b8:27:eb:18:18:33,-51,fd6f,a1020304050607080910111213141516,40,0c,0000
1588172762.0980716,b8:27:eb:18:18:33,-57,fd6f,a1020304050607080910111213141516,40,0c,0000
1588172772.4736574,b8:27:eb:18:18:33,-51,fd6f,a1020304050607080910111213141516,40,0c,0000
1588172782.8376956,b8:27:eb:18:18:33,-63,fd6f,a1020304050607080910111213141516,40,0c,0000
1588172793.1827645,b8:27:eb:18:18:33,-57,fd6f,a1020304050607080910111213141516,40,0c,0000
1588172803.649325,b8:27:eb:18:18:33,-35,fd6f,a1020304050607080910111213141516,40,0c,0000
1588172814.0946915,b8:27:eb:18:18:33,-63,fd6f,a1020304050607080910111213141516,40,0c,0000
1588172824.5729027,b8:27:eb:18:18:33,-63,fd6f,a1020304050607080910111213141516,40,0c,0000
1588172835.0060437,b8:27:eb:18:18:33,-52,fd6f,a1020304050607080910111213141516,40,0c,0000
1588172845.4036508,b8:27:eb:18:18:33,-43,fd6f,a1020304050607080910111213141516,40,0c,0000
1588172901.902914,b8:27:eb:18:18:33,-63,fd6f,a1020304050607080910111213141516,40,0c,0000
1588172912.2326515,b8:27:eb:18:18:33,-63,fd6f,a1020304050607080910111213141516,40,0c,0000
1588172922.6894534,b8:27:eb:18:18:33,-63,fd6f,a1020304050607080910111213141516,40,0c,0000
1588172933.1161358,b8:27:eb:18:18:33,-57,fd6f,a1020304050607080910111213141516,40,0c,0000
1588172943.5684679,b8:27:eb:18:18:33,-57,fd6f,a1020304050607080910111213141516,40,0c,0000
1588172953.9994476,b8:27:eb:18:18:33,-57,fd6f,a1020304050607080910111213141516,40,0c,0000
1588172964.4466207,b8:27:eb:18:18:33,-63,fd6f,a1020304050607080910111213141516,40,0c,0000
1588172974.9635417,b8:27:eb:18:18:33,-51,fd6f,a1020304050607080910111213141516,40,0c,0000
1588172985.4469094,b8:27:eb:18:18:33,-57,fd6f,a1020304050607080910111213141516,40,0c,0000
1588172995.8348985,b8:27:eb:18:18:33,-63,fd6f,a1020304050607080910111213141516,40,0c,0000
1588173006.3295715,b8:27:eb:18:18:33,-58,fd6f,a1020304050607080910111213141516,40,0c,0000
1588173016.7062628,b8:27:eb:18:18:33,-51,fd6f,a1020304050607080910111213141516,40,0c,0000
1588173027.1142027,b8:27:eb:18:18:33,-63,fd6f,a1020304050607080910111213141516,40,0c,0000
1588173037.515315,b8:27:eb:18:18:33,-52,fd6f,a1020304050607080910111213141516,40,0c,0000
1588173047.9894648,b8:27:eb:18:18:33,-52,fd6f,a1020304050607080910111213141516,40,0c,0000
1588173058.3935874,b8:27:eb:18:18:33,-63,fd6f,a1020304050607080910111213141516,40,0c,0000
1588173068.7905138,b8:27:eb:18:18:33,-58,fd6f,a1020304050607080910111213141516,40,0c,0000
1588173079.196846,b8:27:eb:18:18:33,-35,fd6f,a1020304050607080910111213141516,40,0c,0000
1588173089.676738,b8:27:eb:18:18:33,-63,fd6f,a1020304050607080910111213141516,40,0c,0000
1588173100.0882618,b8:27:eb:18:18:33,-51,fd6f,a1020304050607080910111213141516,40,0c,0000
1588173110.5023205,b8:27:eb:18:18:33,-35,fd6f,a1020304050607080910111213141516,40,0c,0000
1588173120.925749,b8:27:eb:18:18:33,-63,fd6f,a1020304050607080910111213141516,40,0c,0000
1588173131.3724415,b8:27:eb:18:18:33,-57,fd6f,a1020304050607080910111213141516,40,0c,0000
1588173141.8286443,b8:27:eb:18:18:33,-63,fd6f,a1020304050607080910111213141516,40,0c,0000
1588173152.2365384,b8:27:eb:18:18:33,-57,fd6f,a1020304050607080910111213141516,40,0c,0000
1588173162.651005,b8:27:eb:18:18:33,-49,fd6f,a1020304050607080910111213141516,40,0c,0000
1588173173.037975,b8:27:eb:18:18:33,-57,fd6f,a1020304050607080910111213141516,40,0c,0000
1588173193.8242724,b8:27:eb:18:18:33,-43,fd6f,a1020304050607080910111213141516,40,0c,0000
1588173204.21948,b8:27:eb:18:18:33,-43,fd6f,a1020304050607080910111213141516,40,0c,0000
1588173214.5659325,b8:27:eb:18:18:33,-49,fd6f,a1020304050607080910111213141516,40,0c,0000
1588173224.9831562,b8:27:eb:18:18:33,-57,fd6f,a1020304050607080910111213141516,40,0c,0000
1588173235.4062808,b8:27:eb:18:18:33,-49,fd6f,a1020304050607080910111213141516,40,0c,0000
1588173245.8050828,b8:27:eb:18:18:33,-35,fd6f,a1020304050607080910111213141516,40,0c,0000
1588173256.2667933,b8:27:eb:18:18:33,-52,fd6f,a1020304050607080910111213141516,40,0c,0000
1588173266.731873,b8:27:eb:18:18:33,-52,fd6f,a1020304050607080910111213141516,40,0c,0000
1588173277.2305212,b8:27:eb:18:18:33,-47,fd6f,a1020304050607080910111213141516,40,0c,0000
1588173287.6530488,b8:27:eb:18:18:33,-51,fd6f,a1020304050607080910111213141516,40,0c,0000
1588173298.017866,b8:27:eb:18:18:33,-62,fd6f,a1020304050607080910111213141516,40,0c,0000
1588173318.7692204,b8:27:eb:18:18:33,-51,fd6f,a1020304050607080910111213141516,40,0c,0000
1588173329.12593,b8:27:eb:18:18:33,-51,fd6f,a1020304050607080910111213141516,40,0c,0000
1588173339.571963,b8:27:eb:18:18:33,-57,fd6f,a1020304050607080910111213141516,40,0c,0000
1588173349.9708095,b8:27:eb:18:18:33,-62,fd6f,a1020304050607080910111213141516,40,0c,0000
1588173360.3141208,b8:27:eb:18:18:33,-62,fd6f,a1020304050607080910111213141516,40,0c,0000
1588173370.7056112,b8:27:eb:18:18:33,-51,fd6f,a1020304050607080910111213141516,40,0c,0000
1588173381.150446,b8:27:eb:18:18:33,-35,fd6f,a1020304050607080910111213141516,40,0c,0000
1588173391.5928159,b8:27:eb:18:18:33,-62,fd6f,a1020304050607080910111213141516,40,0c,0000
1588173402.0540893,b8:27:eb:18:18:33,-62,fd6f,a1020304050607080910111213141516,40,0c,0000
1588173412.530535,b8:27:eb:18:18:33,-57,fd6f,a1020304050607080910111213141516,40,0c,0000
1588173422.9506435,b8:27:eb:18:18:33,-57,fd6f,a1020304050607080910111213141516,40,0c,0000
1588173433.2801213,b8:27:eb:18:18:33,-57,fd6f,a1020304050607080910111213141516,40,0c,0000
1588173443.6876276,b8:27:eb:18:18:33,-35,fd6f,a1020304050607080910111213141516,40,0c,0000
1588173454.1356792,b8:27:eb:18:18:33,-50,fd6f,a1020304050607080910111213141516,40,0c,0000
1588173464.5356534,b8:27:eb:18:18:33,-51,fd6f,a1020304050607080910111213141516,40,0c,0000
1588173475.0546815,b8:27:eb:18:18:33,-43,fd6f,a1020304050607080910111213141516,40,0c,0000
1588173485.5175834,b8:27:eb:18:18:33,-47,fd6f,a1020304050607080910111213141516,40,0c,0000
1588173495.9643366,b8:27:eb:18:18:33,-51,fd6f,a1020304050607080910111213141516,40,0c,0000
1588173506.377257,b8:27:eb:18:18:33,-51,fd6f,a1020304050607080910111213141516,40,0c,0000
1588173516.8180485,b8:27:eb:18:18:33,-62,fd6f,a1020304050607080910111213141516,40,0c,0000
1588173527.2569404,b8:27:eb:18:18:33,-35,fd6f,a1020304050607080910111213141516,40,0c,0000
1588173537.5833793,b8:27:eb:18:18:33,-57,fd6f,a1020304050607080910111213141516,40,0c,0000
1588173547.956827,b8:27:eb:18:18:33,-52,fd6f,a1020304050607080910111213141516,40,0c,0000
1588173568.6661294,b8:27:eb:18:18:33,-62,fd6f,a1020304050607080910111213141516,40,0c,0000
1588173593.6868112,b8:27:eb:18:18:33,-43,fd6f,a1020304050607080910111213141516,40,0c,0000
1588173604.0812209,b8:27:eb:18:18:33,-57,fd6f,a1020304050607080910111213141516,40,0c,0000
1588173614.4895957,b8:27:eb:18:18:33,-62,fd6f,a1020304050607080910111213141516,40,0c,0000
1588173624.9220502,b8:27:eb:18:18:33,-56,fd6f,a1020304050607080910111213141516,40,0c,0000
1588173635.402427,b8:27:eb:18:18:33,-52,fd6f,a1020304050607080910111213141516,40,0c,0000
1588173645.8347538,b8:27:eb:18:18:33,-48,fd6f,a1020304050607080910111213141516,40,0c,0000
1588173656.2345881,b8:27:eb:18:18:33,-43,fd6f,a1020304050607080910111213141516,40,0c,0000
1588173666.6974237,b8:27:eb:18:18:33,-57,fd6f,a1020304050607080910111213141516,40,0c,0000
1588173677.1153195,b8:27:eb:18:18:33,-48,fd6f,a1020304050607080910111213141516,40,0c,0000
1588173687.529599,b8:27:eb:18:18:33,-35,fd6f,a1020304050607080910111213141516,40,0c,0000
1588173697.930946,b8:27:eb:18:18:33,-51,fd6f,a1020304050607080910111213141516,40,0c,0000
1588173708.3152163,b8:27:eb:18:18:33,-35,fd6f,a1020304050607080910111213141516,40,0c,0000
1588173718.6858997,b8:27:eb:18:18:33,-62,fd6f,a1020304050607080910111213141516,40,0c,0000
1588173729.146331,b8:27:eb:18:18:33,-48,fd6f,a1020304050607080910111213141516,40,0c,0000
1588173739.5359416,b8:27:eb:18:18:33,-35,fd6f,a1020304050607080910111213141516,40,0c,0000
1588173749.933992,b8:27:eb:18:18:33,-57,fd6f,a1020304050607080910111213141516,40,0c,0000
1588173760.2759578,b8:27:eb:18:18:33,-4294967292,fd02,00030405060708091011121314151640,0c,00,00c8
1588173770.633995,b8:27:eb:18:18:33,-59,fd6f,a1020304050607080910111213141516,40,0c,0000
1588173780.9944358,b8:27:eb:18:18:33,-64,fd6f,a1020304050607080910111213141516,40,0c,0000
1588173791.376637,b8:27:eb:18:18:33,-52,fd6f,a1020304050607080910111213141516,40,0c,0000
1588173801.76589,b8:27:eb:18:18:33,-57,fd6f,a1020304050607080910111213141516,40,0c,0000
1588173812.2457538,b8:27:eb:18:18:33,-58,fd6f,a1020304050607080910111213141516,40,0c,0000
1588173822.644845,b8:27:eb:18:18:33,-43,fd6f,a1020304050607080910111213141516,40,0c,0000
1588173852.0049808,b8:27:eb:18:18:33,-57,fd6f,a1020304050607080910111213141516,40,0c,0000
1588173862.4097338,b8:27:eb:18:18:33,-35,fd6f,a1020304050607080910111213141516,40,0c,0000
1588173872.8944519,b8:27:eb:18:18:33,-52,fd6f,a1020304050607080910111213141516,40,0c,0000
1588173898.0060637,b8:27:eb:18:18:33,-62,fd6f,a1020304050607080910111213141516,40,0c,0000
1588173908.3958638,b8:27:eb:18:18:33,-57,fd6f,a1020304050607080910111213141516,40,0c,0000
1588173933.4052677,b8:27:eb:18:18:33,-57,fd6f,a1020304050607080910111213141516,40,0c,0000
1588173943.87973,b8:27:eb:18:18:33,-35,fd6f,a1020304050607080910111213141516,40,0c,0000
1588173964.745568,b8:27:eb:18:18:33,-57,fd6f,a1020304050607080910111213141516,40,0c,0000
1588173985.6871376,b8:27:eb:18:18:33,-57,fd6f,a1020304050607080910111213141516,40,0c,0000
1588174006.5422168,b8:27:eb:18:18:33,-35,fd6f,a1020304050607080910111213141516,40,0c,0000
1588174027.3975878,b8:27:eb:18:18:33,-52,fd6f,a1020304050607080910111213141516,40,0c,0000
1588174048.2403688,b8:27:eb:18:18:33,-35,fd6f,a1020304050607080910111213141516,40,0c,0000
1588174058.6546032,b8:27:eb:18:18:33,-62,fd6f,a1020304050607080910111213141516,40,0c,0000
1588174069.0771825,b8:27:eb:18:18:33,-62,fda1,00020304050607080910111213141516,40,0c,0000
1588174089.926777,b8:27:eb:18:18:33,-48,fd6f,a1020304050607080910111213141516,40,0c,0000
1588174100.4159455,b8:27:eb:18:18:33,-62,fd6f,a1020304050607080910111213141516,40,0c,0000
1588174110.833602,b8:27:eb:18:18:33,-43,fd6f,a1020304050607080910111213141516,40,0c,0000
1588174121.2074833,b8:27:eb:18:18:33,-57,fd6f,a1020304050607080910111213141516,40,0c,0000
1588174142.0137048,b8:27:eb:18:18:33,-62,fd6f,a1020304050607080910111213141516,40,0c,0000
1588174152.401847,b8:27:eb:18:18:33,-57,fd6f,a1020304050607080910111213141516,40,0c,0000
1588174162.8080437,b8:27:eb:18:18:33,-62,fd6f,a1020304050607080910111213141516,40,0c,0000
1588174173.2924805,b8:27:eb:18:18:33,-62,fd6f,a1020304050607080910111213141516,40,0c,0000
1588174194.1734734,b8:27:eb:18:18:33,-62,fd6f,a1020304050607080910111213141516,40,0c,0000
1588174204.5956695,b8:27:eb:18:18:33,-63,fd6f,a1020304050607080910111213141516,40,0c,0000
1588174215.016705,b8:27:eb:18:18:33,-4294967295,fd06,0007080910111213141516400c0000dd,04,3e,1e02
1588174244.3554256,b8:27:eb:18:18:33,-56,fd6f,a1020304050607080910111213141516,40,0c,0000
1588174254.6921651,b8:27:eb:18:18:33,-52,fd6f,a1020304050607080910111213141516,40,0c,0000
1588174265.1198742,b8:27:eb:18:18:33,-51,fd6f,a1020304050607080910111213141516,40,0c,0000
1588174275.5272937,b8:27:eb:18:18:33,-57,fd6f,a1020304050607080910111213141516,40,0c,0000
1588174285.9947276,b8:27:eb:18:18:33,-57,fd6f,a1020304050607080910111213141516,40,0c,0000
1588174296.4528728,b8:27:eb:18:18:33,-43,fd6f,a1020304050607080910111213141516,40,0c,0000
1588174306.776736,b8:27:eb:18:18:33,-51,fd6f,a1020304050607080910111213141516,40,0c,0000
1588174317.2214193,b8:27:eb:18:18:33,-63,fd6f,a1020304050607080910111213141516,40,0c,0000
1588174327.8378022,b8:27:eb:18:18:33,-62,fd6f,a1020304050607080910111213141516,40,0c,0000
1588174338.302942,b8:27:eb:18:18:33,-35,fd6f,a1020304050607080910111213141516,40,0c,0000
1588174348.7021666,b8:27:eb:18:18:33,-62,fd6f,a1020304050607080910111213141516,40,0c,0000
1588174359.131436,b8:27:eb:18:18:33,-56,fd6f,a1020304050607080910111213141516,40,0c,0000
1588174369.53843,b8:27:eb:18:18:33,-64,fd6f,a1020304050607080910111213141516,40,0c,0000
1588174379.9129653,b8:27:eb:18:18:33,-64,fd6f,a1020304050607080910111213141516,40,0c,0000
1588174390.3576398,b8:27:eb:18:18:33,-35,fd6f,a1020304050607080910111213141516,40,0c,0000
1588174400.7456195,b8:27:eb:18:18:33,-62,fd6f,a1020304050607080910111213141516,40,0c,0000
1588174411.1523237,b8:27:eb:18:18:33,-62,fd6f,a1020304050607080910111213141516,40,0c,0000
1588174421.5466604,b8:27:eb:18:18:33,-52,fd6f,a1020304050607080910111213141516,40,0c,0000
1588174431.9729457,b8:27:eb:18:18:33,-51,fd6f,a1020304050607080910111213141516,40,0c,0000
1588174442.3954618,b8:27:eb:18:18:33,-56,fd6f,a1020304050607080910111213141516,40,0c,0000
1588174452.7454236,b8:27:eb:18:18:33,-51,fd6f,a1020304050607080910111213141516,40,0c,0000
1588174463.2176769,b8:27:eb:18:18:33,-56,fd6f,a1020304050607080910111213141516,40,0c,0000
1588174473.6402748,b8:27:eb:18:18:33,-57,fd6f,a1020304050607080910111213141516,40,0c,0000
1588174484.0585687,b8:27:eb:18:18:33,-51,fd6f,a1020304050607080910111213141516,40,0c,0000
1588174494.4590485,b8:27:eb:18:18:33,-42,fd6f,a1020304050607080910111213141516,40,0c,0000
1588174504.8594768,b8:27:eb:18:18:33,-48,fd6f,a1020304050607080910111213141516,40,0c,0000
1588174515.3184497,b8:27:eb:18:18:33,-48,fd6f,a1020304050607080910111213141516,40,0c,0000
1588174525.742733,b8:27:eb:18:18:33,-35,fd6f,a1020304050607080910111213141516,40,0c,0000
1588174536.1916273,b8:27:eb:18:18:33,-35,fd6f,a1020304050607080910111213141516,40,0c,0000
1588174546.5376675,b8:27:eb:18:18:33,-62,fd6f,a1020304050607080910111213141516,40,0c,0000
1588174556.9634745,b8:27:eb:18:18:33,-48,fd6f,a1020304050607080910111213141516,40,0c,0000
1588174567.4003334,b8:27:eb:18:18:33,-62,fd6f,a1020304050607080910111213141516,40,0c,0000
1588174577.8003383,b8:27:eb:18:18:33,-51,fd6f,a1020304050607080910111213141516,40,0c,0000
1588174588.21342,b8:27:eb:18:18:33,-43,fd6f,a1020304050607080910111213141516,40,0c,0000
1588174598.6667264,b8:27:eb:18:18:33,-51,fd6f,a1020304050607080910111213141516,40,0c,0000
1588174609.087728,b8:27:eb:18:18:33,-56,fd6f,a1020304050607080910111213141516,40,0c,0000
1588174619.5664427,b8:27:eb:18:18:33,-57,fd6f,a1020304050607080910111213141516,40,0c,0000
1588174630.0358605,b8:27:eb:18:18:33,-51,fd6f,a1020304050607080910111213141516,40,0c,0000
1588174640.4682086,b8:27:eb:18:18:33,-35,fd6f,a1020304050607080910111213141516,40,0c,0000
1588174650.9243724,b8:27:eb:18:18:33,-53,fd6f,a1020304050607080910111213141516,40,0c,0000
1588174661.4091341,b8:27:eb:18:18:33,-62,fd6f,a1020304050607080910111213141516,40,0c,0000
1588174671.8856542,b8:27:eb:18:18:33,-43,fd6f,a1020304050607080910111213141516,40,0c,0000
1588174682.3830128,b8:27:eb:18:18:33,-57,fd6f,a1020304050607080910111213141516,40,0c,0000
1588174692.811325,b8:27:eb:18:18:33,-57,fd6f,a1020304050607080910111213141516,40,0c,0000
1588174703.271866,b8:27:eb:18:18:33,-47,fd6f,a1020304050607080910111213141516,40,0c,0000
1588174713.7163224,b8:27:eb:18:18:33,-48,fd6f,a1020304050607080910111213141516,40,0c,0000
1588174724.207406,b8:27:eb:18:18:33,-62,fd6f,a1020304050607080910111213141516,40,0c,0000
1588174734.682875,b8:27:eb:18:18:33,-57,fd6f,a1020304050607080910111213141516,40,0c,0000
1588174745.1377823,b8:27:eb:18:18:33,-62,fd6f,a1020304050607080910111213141516,40,0c,0000
1588174755.528237,b8:27:eb:18:18:33,-57,fd6f,a1020304050607080910111213141516,40,0c,0000
1588174765.9423888,b8:27:eb:18:18:33,-62,fd6f,a1020304050607080910111213141516,40,0c,0000
1588174776.3587267,b8:27:eb:18:18:33,-57,fd6f,a1020304050607080910111213141516,40,0c,0000
1588174786.8259177,b8:27:eb:18:18:33,-57,fd6f,a1020304050607080910111213141516,40,0c,0000
1588174797.2369583,b8:27:eb:18:18:33,-56,fd6f,a1020304050607080910111213141516,40,0c,0000
1588174807.715386,b8:27:eb:18:18:33,-57,fd6f,a1020304050607080910111213141516,40,0c,0000
1588174818.1755838,b8:27:eb:18:18:33,-43,fd6f,a1020304050607080910111213141516,40,0c,0000
1588174828.6510096,b8:27:eb:18:18:33,-51,fd6f,a1020304050607080910111213141516,40,0c,0000
1588174839.1232293,b8:27:eb:18:18:33,-51,fd6f,a1020304050607080910111213141516,40,0c,0000
1588174849.5729587,b8:27:eb:18:18:33,-48,fd6f,a1020304050607080910111213141516,40,0c,0000
1588174859.9553719,b8:27:eb:18:18:33,-56,fd6f,a1020304050607080910111213141516,40,0c,0000
1588174870.4109752,b8:27:eb:18:18:33,-57,fd6f,a1020304050607080910111213141516,40,0c,0000
1588174880.8339188,b8:27:eb:18:18:33,-62,fd6f,a1020304050607080910111213141516,40,0c,0000
1588174891.2585166,b8:27:eb:18:18:33,-42,fd6f,a1020304050607080910111213141516,40,0c,0000
1588174901.647142,b8:27:eb:18:18:33,-48,fd6f,a1020304050607080910111213141516,40,0c,0000
1588174912.1024368,b8:27:eb:18:18:33,-62,fd6f,a1020304050607080910111213141516,40,0c,0000
1588174922.5593758,b8:27:eb:18:18:33,-47,fd6f,a1020304050607080910111213141516,40,0c,0000
1588174932.958833,b8:27:eb:18:18:33,-51,fd6f,a1020304050607080910111213141516,40,0c,0000
1588174943.4126494,b8:27:eb:18:18:33,-52,fd6f,a1020304050607080910111213141516,40,0c,0000
1588174953.8985837,b8:27:eb:18:18:33,-57,fd6f,a1020304050607080910111213141516,40,0c,0000
1588174964.3404653,b8:27:eb:18:18:33,-64,fd6f,a1020304050607080910111213141516,40,0c,0000
1588174974.7727594,b8:27:eb:18:18:33,-51,fd6f,a1020304050607080910111213141516,40,0c,0000
1588174985.1958406,b8:27:eb:18:18:33,-47,fd6f,a1020304050607080910111213141516,40,0c,0000
1588174995.5695534,b8:27:eb:18:18:33,-64,fd6f,a1020304050607080910111213141516,40,0c,0000
1588175006.0450866,b8:27:eb:18:18:33,-51,fd6f,a1020304050607080910111213141516,40,0c,0000
1588175016.4420722,b8:27:eb:18:18:33,-52,fd6f,a1020304050607080910111213141516,40,0c,0000
1588175026.7814744,b8:27:eb:18:18:33,-35,fd6f,a1020304050607080910111213141516,40,0c,0000
1588175037.1072493,b8:27:eb:18:18:33,-43,fd6f,a1020304050607080910111213141516,40,0c,0000
1588175047.4266453,b8:27:eb:18:18:33,-62,fd6f,a1020304050607080910111213141516,40,0c,0000
1588175072.5809112,b8:27:eb:18:18:33,-62,fd6f,a1020304050607080910111213141516,40,0c,0000
1588175083.027497,b8:27:eb:18:18:33,-57,fd6f,a1020304050607080910111213141516,40,0c,0000
1588175093.433911,b8:27:eb:18:18:33,-62,fd6f,a1020304050607080910111213141516,40,0c,0000
1588175103.7760699,b8:27:eb:18:18:33,-48,fd6f,a1020304050607080910111213141516,40,0c,0000
1588175114.184328,b8:27:eb:18:18:33,-62,fd6f,a1020304050607080910111213141516,40,0c,0000
1588175124.657968,b8:27:eb:18:18:33,-62,fd6f,a1020304050607080910111213141516,40,0c,0000
1588175135.0935235,b8:27:eb:18:18:33,-51,fd6f,a1020304050607080910111213141516,40,0c,0000
1588175145.56417,b8:27:eb:18:18:33,-47,fd6f,a1020304050607080910111213141516,40,0c,0000
1588175155.8939738,b8:27:eb:18:18:33,-48,fd6f,a1020304050607080910111213141516,40,0c,0000
1588175166.367095,b8:27:eb:18:18:33,-58,fd6f,a1020304050607080910111213141516,40,0c,0000
1588175176.7150333,b8:27:eb:18:18:33,-62,fd6f,a1020304050607080910111213141516,40,0c,0000
1588175187.1705248,b8:27:eb:18:18:33,-58,fd6f,a1020304050607080910111213141516,40,0c,0000
1588175197.5798323,b8:27:eb:18:18:33,-58,fd6f,a1020304050607080910111213141516,40,0c,0000
1588175208.0435603,b8:27:eb:18:18:33,-52,fd6f,a1020304050607080910111213141516,40,0c,0000
1588175218.448349,b8:27:eb:18:18:33,-57,fd6f,a1020304050607080910111213141516,40,0c,0000
1588175228.8061817,b8:27:eb:18:18:33,-57,fd6f,a1020304050607080910111213141516,40,0c,0000
1588175239.2103448,b8:27:eb:18:18:33,-35,fd6f,a1020304050607080910111213141516,40,0c,0000
1588175249.6659613,b8:27:eb:18:18:33,-62,fd6f,a1020304050607080910111213141516,40,0c,0000
1588175260.1515942,b8:27:eb:18:18:33,-51,fd6f,a1020304050607080910111213141516,40,0c,0000
1588175270.5588655,b8:27:eb:18:18:33,-51,fd6f,a1020304050607080910111213141516,40,0c,0000
1588175281.0180967,b8:27:eb:18:18:33,-57,fd6f,a1020304050607080910111213141516,40,0c,0000
1588175291.431165,b8:27:eb:18:18:33,-51,fd6f,a1020304050607080910111213141516,40,0c,0000
1588175301.8898048,b8:27:eb:18:18:33,-62,fd6f,a1020304050607080910111213141516,40,0c,0000
1588175312.250684,b8:27:eb:18:18:33,-51,fd6f,a1020304050607080910111213141516,40,0c,0000
1588175322.631951,b8:27:eb:18:18:33,-58,fd6f,a1020304050607080910111213141516,40,0c,0000
1588175333.1091528,b8:27:eb:18:18:33,-48,fd6f,a1020304050607080910111213141516,40,0c,0000
1588175343.5330122,b8:27:eb:18:18:33,-43,fd6f,a1020304050607080910111213141516,40,0c,0000
1588175353.93343,b8:27:eb:18:18:33,-48,fd6f,a1020304050607080910111213141516,40,0c,0000
1588175364.2951322,b8:27:eb:18:18:33,-62,fd6f,a1020304050607080910111213141516,40,0c,0000
1588175374.773403,b8:27:eb:18:18:33,-43,fd6f,a1020304050607080910111213141516,40,0c,0000
1588175404.16255,b8:27:eb:18:18:33,-51,fd6f,a1020304050607080910111213141516,40,0c,0000
1588175414.5274227,b8:27:eb:18:18:33,-52,fd6f,a1020304050607080910111213141516,40,0c,0000
1588175424.9638574,b8:27:eb:18:18:33,-51,fd6f,a1020304050607080910111213141516,40,0c,0000
1588175435.4091263,b8:27:eb:18:18:33,-62,fd6f,a1020304050607080910111213141516,40,0c,0000
1588175445.8383968,b8:27:eb:18:18:33,-52,fd6f,a1020304050607080910111213141516,40,0c,0000
1588175456.2303848,b8:27:eb:18:18:33,-50,fd6f,a1020304050607080910111213141516,40,0c,0000
1588175466.6874459,b8:27:eb:18:18:33,-43,fd6f,a1020304050607080910111213141516,40,0c,0000
1588175477.1598783,b8:27:eb:18:18:33,-64,fd6f,a1020304050607080910111213141516,40,0c,0000
1588175487.5696607,b8:27:eb:18:18:33,-48,fd6f,a1020304050607080910111213141516,40,0c,0000
1588175498.0392528,b8:27:eb:18:18:33,-56,fd6f,a1020304050607080910111213141516,40,0c,0000
1588175508.4578214,b8:27:eb:18:18:33,-4294967292,fd02,00030405060708091011121314151640,0c,00,00c7
1588175518.9099348,b8:27:eb:18:18:33,-52,fd6f,a1020304050607080910111213141516,40,0c,0000
1588175529.3855004,b8:27:eb:18:18:33,-59,fd6f,a1020304050607080910111213141516,40,0c,0000
1588175539.899119,b8:27:eb:18:18:33,-57,fd6f,a1020304050607080910111213141516,40,0c,0000
1588175550.3216538,b8:27:eb:18:18:33,-48,fd6f,a1020304050607080910111213141516,40,0c,0000
1588175560.7538178,b8:27:eb:18:18:33,-51,fd6f,a1020304050607080910111213141516,40,0c,0000
1588175571.100675,b8:27:eb:18:18:33,-43,fd6f,a1020304050607080910111213141516,40,0c,0000
1588175581.517743,b8:27:eb:18:18:33,-52,fd6f,a1020304050607080910111213141516,40,0c,0000
1588175591.9637322,b8:27:eb:18:18:33,-51,fd6f,a1020304050607080910111213141516,40,0c,0000
1588175602.4094002,b8:27:eb:18:18:33,-48,fd6f,a1020304050607080910111213141516,40,0c,0000
1588175612.8751798,b8:27:eb:18:18:33,-63,fd6f,a1020304050607080910111213141516,40,0c,0000
1588175623.204405,b8:27:eb:18:18:33,-52,fd6f,a1020304050607080910111213141516,40,0c,0000
1588175633.6600857,b8:27:eb:18:18:33,-48,fd6f,a1020304050607080910111213141516,40,0c,0000
1588175654.4868362,b8:27:eb:18:18:33,-62,fd6f,a1020304050607080910111213141516,40,0c,0000
1588175664.9379158,b8:27:eb:18:18:33,-62,fd6f,a1020304050607080910111213141516,40,0c,0000
1588175675.3231752,b8:27:eb:18:18:33,-62,fd6f,a1020304050607080910111213141516,40,0c,0000
1588175685.7314775,b8:27:eb:18:18:33,-43,fd6f,a1020304050607080910111213141516,40,0c,0000
1588175696.1977947,b8:27:eb:18:18:33,-47,fd6f,a1020304050607080910111213141516,40,0c,0000
1588175706.547606,b8:27:eb:18:18:33,-51,fd6f,a1020304050607080910111213141516,40,0c,0000
1588175716.9437697,b8:27:eb:18:18:33,-52,fd6f,a1020304050607080910111213141516,40,0c,0000
1588175727.30983,b8:27:eb:18:18:33,-47,fd6f,a1020304050607080910111213141516,40,0c,0000
1588175737.6706982,b8:27:eb:18:18:33,-62,fd6f,a1020304050607080910111213141516,40,0c,0000
1588175747.9749796,b8:27:eb:18:18:33,-42,fd6f,a1020304050607080910111213141516,40,0c,0000
1588175758.442636,b8:27:eb:18:18:33,-48,fd6f,a1020304050607080910111213141516,40,0c,0000
1588175768.798301,b8:27:eb:18:18:33,-43,fd6f,a1020304050607080910111213141516,40,0c,0000
1588175779.1795733,b8:27:eb:18:18:33,-51,fd6f,a1020304050607080910111213141516,40,0c,0000
1588175789.6539645,b8:27:eb:18:18:33,-56,fd6f,a1020304050607080910111213141516,40,0c,0000
1588175800.1086614,b8:27:eb:18:18:33,-51,fd6f,a1020304050607080910111213141516,40,0c,0000
1588175810.5058823,b8:27:eb:18:18:33,-58,fd6f,a1020304050607080910111213141516,40,0c,0000
1588175820.9005854,b8:27:eb:18:18:33,-48,fd6f,a1020304050607080910111213141516,40,0c,0000
1588175831.2988575,b8:27:eb:18:18:33,-62,fd6f,a1020304050607080910111213141516,40,0c,0000
1588175841.6966155,b8:27:eb:18:18:33,-57,fd6f,a1020304050607080910111213141516,40,0c,0000
1588175852.1591036,b8:27:eb:18:18:33,-56,fd6f,a1020304050607080910111213141516,40,0c,0000
1588175862.6454206,b8:27:eb:18:18:33,-57,fd6f,a1020304050607080910111213141516,40,0c,0000
1588175873.0726712,b8:27:eb:18:18:33,-51,fd6f,a1020304050607080910111213141516,40,0c,0000
1588175883.4204955,b8:27:eb:18:18:33,-51,fd6f,a1020304050607080910111213141516,40,0c,0000
1588175893.8033433,b8:27:eb:18:18:33,-56,fd6f,a1020304050607080910111213141516,40,0c,0000
1588175904.204836,b8:27:eb:18:18:33,-62,fd6f,a1020304050607080910111213141516,40,0c,0000
1588175914.6644714,b8:27:eb:18:18:33,-62,fd6f,a1020304050607080910111213141516,40,0c,0000
1588175925.0357149,b8:27:eb:18:18:33,-62,fd6f,a1020304050607080910111213141516,40,0c,0000
1588175935.4066873,b8:27:eb:18:18:33,-35,fd6f,a1020304050607080910111213141516,40,0c,0000
1588175945.7941728,b8:27:eb:18:18:33,-52,fd6f,a1020304050607080910111213141516,40,0c,0000
1588175956.2426848,b8:27:eb:18:18:33,-59,fd6f,a1020304050607080910111213141516,40,0c,0000
1588175966.6941016,b8:27:eb:18:18:33,-47,fd6f,a1020304050607080910111213141516,40,0c,0000
1588175977.1333768,b8:27:eb:18:18:33,-48,fd6f,a1020304050607080910111213141516,40,0c,0000
1588175987.5940554,b8:27:eb:18:18:33,-57,fd6f,a1020304050607080910111213141516,40,0c,0000
1588175998.0383897,b8:27:eb:18:18:33,-52,fd6f,a1020304050607080910111213141516,40,0c,0000
1588176008.4170794,b8:27:eb:18:18:33,-58,fd6f,a1020304050607080910111213141516,40,0c,0000
1588176018.8991957,b8:27:eb:18:18:33,-47,fd6f,a1020304050607080910111213141516,40,0c,0000
1588176029.3469048,b8:27:eb:18:18:33,-62,fd6f,a1020304050607080910111213141516,40,0c,0000
1588176039.8120973,b8:27:eb:18:18:33,-48,fd6f,a1020304050607080910111213141516,40,0c,0000
1588176050.1425834,b8:27:eb:18:18:33,-53,fd6f,a1020304050607080910111213141516,40,0c,0000
1588176060.5247273,b8:27:eb:18:18:33,-35,fd6f,a1020304050607080910111213141516,40,0c,0000
1588176070.9569025,b8:27:eb:18:18:33,-57,fd6f,a1020304050607080910111213141516,40,0c,0000
1588176081.4187622,b8:27:eb:18:18:33,-56,fd6f,a1020304050607080910111213141516,40,0c,0000
1588176091.7944586,b8:27:eb:18:18:33,-43,fd6f,a1020304050607080910111213141516,40,0c,0000
1588176102.1851625,b8:27:eb:18:18:33,-52,fd6f,a1020304050607080910111213141516,40,0c,0000
1588176112.6547732,b8:27:eb:18:18:33,-58,fd6f,a1020304050607080910111213141516,40,0c,0000
1588176123.0441368,b8:27:eb:18:18:33,-56,fd6f,a1020304050607080910111213141516,40,0c,0000
1588176133.4361417,b8:27:eb:18:18:33,-62,fd6f,a1020304050607080910111213141516,40,0c,0000
1588176143.8810532,b8:27:eb:18:18:33,-4294967170,fd09,0010111213141516400c0000d6043e1b,02,01,0301
1588176154.3455129,b8:27:eb:18:18:33,-51,fd6f,a1020304050607080910111213141516,40,0c,0000
1588176164.8249037,b8:27:eb:18:18:33,-56,fd6f,a1020304050607080910111213141516,40,0c,0000
1588176175.2885172,b8:27:eb:18:18:33,-56,fd6f,a1020304050607080910111213141516,40,0c,0000
1588176185.7401264,b8:27:eb:18:18:33,-52,fd6f,a1020304050607080910111213141516,40,0c,0000
1588176478.7635756,b8:27:eb:18:18:33,-47,fd6f,a1020304050607080910111213141516,40,0c,0000
1588176489.136745,b8:27:eb:18:18:33,-58,fd6f,a1020304050607080910111213141516,40,0c,0000
1588176499.6432288,b8:27:eb:18:18:33,-56,fd6f,a1020304050607080910111213141516,40,0c,0000
1588176510.1111417,b8:27:eb:18:18:33,-56,fd6f,a1020304050607080910111213141516,40,0c,0000
1588176520.5295882,b8:27:eb:18:18:33,-48,fd6f,a1020304050607080910111213141516,40,0c,0000
1588176530.973041,b8:27:eb:18:18:33,-48,fd6f,a1020304050607080910111213141516,40,0c,0000
1588176541.4104018,b8:27:eb:18:18:33,-56,fd6f,a1020304050607080910111213141516,40,0c,0000
1588176551.794865,b8:27:eb:18:18:33,-51,fd6f,a1020304050607080910111213141516,40,0c,0000
1588176562.2645745,b8:27:eb:18:18:33,-51,fd6f,a1020304050607080910111213141516,40,0c,0000
1588176572.703185,b8:27:eb:18:18:33,-56,fd6f,a1020304050607080910111213141516,40,0c,0000
1588176583.1287892,b8:27:eb:18:18:33,-51,fd6f,a1020304050607080910111213141516,40,0c,0000
1588176593.4532518,b8:27:eb:18:18:33,-55,fd6f,a1020304050607080910111213141516,40,0c,0000
1588176603.8806462,b8:27:eb:18:18:33,-47,fd6f,a1020304050607080910111213141516,40,0c,0000
1588176614.2721443,b8:27:eb:18:18:33,-53,fd6f,a1020304050607080910111213141516,40,0c,0000
1588176624.62417,b8:27:eb:18:18:33,-62,fd6f,a1020304050607080910111213141516,40,0c,0000
1588176634.9485235,b8:27:eb:18:18:33,-42,fd6f,a1020304050607080910111213141516,40,0c,0000
1588176645.3897796,b8:27:eb:18:18:33,-47,fda1,00020304050607080910111213141516,40,0c,0000
1588176655.8235748,b8:27:eb:18:18:33,-62,fd6f,a1020304050607080910111213141516,40,0c,0000
1588176666.1825144,b8:27:eb:18:18:33,-62,fd6f,a1020304050607080910111213141516,40,0c,0000
1588176676.6244905,b8:27:eb:18:18:33,-47,fd6f,a1020304050607080910111213141516,40,0c,0000
1588176686.9746826,b8:27:eb:18:18:33,-57,fd6f,a1020304050607080910111213141516,40,0c,0000
1588176697.4444315,b8:27:eb:18:18:33,-52,fd6f,a1020304050607080910111213141516,40,0c,0000
1588176707.8897057,b8:27:eb:18:18:33,-57,fd6f,a1020304050607080910111213141516,40,0c,0000
1588176718.288243,b8:27:eb:18:18:33,-51,fd6f,a1020304050607080910111213141516,40,0c,0000
1588176728.6868343,b8:27:eb:18:18:33,-56,fd6f,a1020304050607080910111213141516,40,0c,0000
1588176739.153552,b8:27:eb:18:18:33,-62,fd6f,a1020304050607080910111213141516,40,0c,0000
1588176749.5141044,b8:27:eb:18:18:33,-62,fd6f,a1020304050607080910111213141516,40,0c,0000
1588176778.7110598,b8:27:eb:18:18:33,-51,fd6f,a1020304050607080910111213141516,40,0c,0000
1588176789.148848,b8:27:eb:18:18:33,-43,fd6f,a1020304050607080910111213141516,40,0c,0000
1588176799.5545225,b8:27:eb:18:18:33,-62,fd6f,a1020304050607080910111213141516,40,0c,0000
1588176809.979386,b8:27:eb:18:18:33,-52,fd6f,a1020304050607080910111213141516,40,0c,0000
1588176820.3738585,b8:27:eb:18:18:33,-47,fd6f,a1020304050607080910111213141516,40,0c,0000
1588176830.775526,b8:27:eb:18:18:33,-35,fd6f,a1020304050607080910111213141516,40,0c,0000
1588176851.679034,b8:27:eb:18:18:33,-35,fd6f,a1020304050607080910111213141516,40,0c,0000
1588176862.1320717,b8:27:eb:18:18:33,-59,fd6f,a1020304050607080910111213141516,40,0c,0000
1588176872.499173,b8:27:eb:18:18:33,-57,fd6f,a1020304050607080910111213141516,40,0c,0000
1588176882.917605,b8:27:eb:18:18:33,-62,fd6f,a1020304050607080910111213141516,40,0c,0000
1588176893.2730145,b8:27:eb:18:18:33,-62,fd6f,a1020304050607080910111213141516,40,0c,0000
1588176903.688326,b8:27:eb:18:18:33,-52,fd6f,a1020304050607080910111213141516,40,0c,0000
1588176914.1673567,b8:27:eb:18:18:33,-57,fd6f,a1020304050607080910111213141516,40,0c,0000
1588176924.647575,b8:27:eb:18:18:33,-64,fd6f,a1020304050607080910111213141516,40,0c,0000
1588176935.02008,b8:27:eb:18:18:33,-47,fd6f,a1020304050607080910111213141516,40,0c,0000
1588176960.071501,b8:27:eb:18:18:33,-42,fd6f,a1020304050607080910111213141516,40,0c,0000
1588176970.4788115,b8:27:eb:18:18:33,-56,fd6f,a1020304050607080910111213141516,40,0c,0000
1588176980.9563367,b8:27:eb:18:18:33,-43,fd6f,a1020304050607080910111213141516,40,0c,0000
1588177353.3224201,b8:27:eb:18:18:33,-51,fd6f,a1020304050607080910111213141516,40,0c,0000
1588177363.8440342,b8:27:eb:18:18:33,-47,fd6f,a1020304050607080910111213141516,40,0c,0000
1588177374.2476888,b8:27:eb:18:18:33,-51,fd6f,a1020304050607080910111213141516,40,0c,0000
1588177384.6774194,b8:27:eb:18:18:33,-42,fd6f,a1020304050607080910111213141516,40,0c,0000
1588177395.1576903,b8:27:eb:18:18:33,-42,fd6f,a1020304050607080910111213141516,40,0c,0000
1588177405.5942156,b8:27:eb:18:18:33,-52,fd6f,a1020304050607080910111213141516,40,0c,0000
1588177416.0228832,b8:27:eb:18:18:33,-58,fd6f,a1020304050607080910111213141516,40,0c,0000
1588177426.4036398,b8:27:eb:18:18:33,-4294967292,fd02,00030405060708091011121314151640,0c,00,00c8
1588177436.9034348,b8:27:eb:18:18:33,-56,fd6f,a1020304050607080910111213141516,40,0c,0000
1588177447.2931383,b8:27:eb:18:18:33,-51,fd6f,a1020304050607080910111213141516,40,0c,0000
1588177457.6999671,b8:27:eb:18:18:33,-63,fd6f,a1020304050607080910111213141516,40,0c,0000
1588177468.1208427,b8:27:eb:18:18:33,-89,fd6f,a1020304050607080910111213141516,40,0c,0000
1588177478.5691383,b8:27:eb:18:18:33,-35,fd6f,a1020304050607080910111213141516,40,0c,0000
1588177488.9466856,b8:27:eb:18:18:33,-47,fd6f,a1020304050607080910111213141516,40,0c,0000
1588177499.3558438,b8:27:eb:18:18:33,-63,fd6f,a1020304050607080910111213141516,40,0c,0000
1588177509.7606237,b8:27:eb:18:18:33,-51,fd6f,a1020304050607080910111213141516,40,0c,0000
1588177520.2069292,b8:27:eb:18:18:33,-56,fd6f,a1020304050607080910111213141516,40,0c,0000
1588177530.622931,b8:27:eb:18:18:33,-63,fd6f,a1020304050607080910111213141516,40,0c,0000
1588177541.0007539,b8:27:eb:18:18:33,-63,fd6f,a1020304050607080910111213141516,40,0c,0000
1588177551.3962128,b8:27:eb:18:18:33,-35,fd6f,a1020304050607080910111213141516,40,0c,0000
1588177572.1928809,b8:27:eb:18:18:33,-42,fd6f,a1020304050607080910111213141516,40,0c,0000
1588177676.5094187,b8:27:eb:18:18:33,-42,fd6f,a1020304050607080910111213141516,40,0c,0000
1588177686.9604378,b8:27:eb:18:18:33,-63,fd6f,a1020304050607080910111213141516,40,0c,0000
1588177697.3564737,b8:27:eb:18:18:33,-56,fd6f,a1020304050607080910111213141516,40,0c,0000
1588177707.7568517,b8:27:eb:18:18:33,-56,fd6f,a1020304050607080910111213141516,40,0c,0000
1588177718.229978,b8:27:eb:18:18:33,-63,fd6f,a1020304050607080910111213141516,40,0c,0000
1588177728.6830928,b8:27:eb:18:18:33,-48,fd6f,a1020304050607080910111213141516,40,0c,0000
1588177739.1632907,b8:27:eb:18:18:33,-64,fd6f,a1020304050607080910111213141516,40,0c,0000
1588177749.6338472,b8:27:eb:18:18:33,-51,fd6f,a1020304050607080910111213141516,40,0c,0000
1588177760.0693388,b8:27:eb:18:18:33,-65,fd6f,a1020304050607080910111213141516,40,0c,0000
1588177770.4606173,b8:27:eb:18:18:33,-50,fd6f,a1020304050607080910111213141516,40,0c,0000
1588177780.8786097,b8:27:eb:18:18:33,-53,fd6f,a1020304050607080910111213141516,40,0c,0000
1588177791.3430042,b8:27:eb:18:18:33,-52,fd6f,a1020304050607080910111213141516,40,0c,0000
1588177801.7413054,b8:27:eb:18:18:33,-52,fd6f,a1020304050607080910111213141516,40,0c,0000
1588177812.1051624,b8:27:eb:18:18:33,-62,fd6f,a1020304050607080910111213141516,40,0c,0000
1588177822.592541,b8:27:eb:18:18:33,-58,fd6f,a1020304050607080910111213141516,40,0c,0000
1588177833.0369363,b8:27:eb:18:18:33,-62,fd6f,a1020304050607080910111213141516,40,0c,0000
1588177843.459906,b8:27:eb:18:18:33,-58,fd6f,a1020304050607080910111213141516,40,0c,0000
1588177853.8706257,b8:27:eb:18:18:33,-42,fd6f,a1020304050607080910111213141516,40,0c,0000
1588177864.3141365,b8:27:eb:18:18:33,-42,fd6f,a1020304050607080910111213141516,40,0c,0000
1588177874.75472,b8:27:eb:18:18:33,-47,fd6f,a1020304050607080910111213141516,40,0c,0000
1588177885.1369164,b8:27:eb:18:18:33,-64,fd6f,a1020304050607080910111213141516,40,0c,0000
1588177895.523742,b8:27:eb:18:18:33,-56,fd6f,a1020304050607080910111213141516,40,0c,0000
1588177905.9795172,b8:27:eb:18:18:33,-50,fd6f,a1020304050607080910111213141516,40,0c,0000
1588177916.4324937,b8:27:eb:18:18:33,-56,fd6f,a1020304050607080910111213141516,40,0c,0000
1588177926.8649294,b8:27:eb:18:18:33,-57,fd6f,a1020304050607080910111213141516,40,0c,0000
1588177937.370782,b8:27:eb:18:18:33,-63,fd6f,a1020304050607080910111213141516,40,0c,0000
1588177947.7636309,b8:27:eb:18:18:33,-65,fd6f,a1020304050607080910111213141516,40,0c,0000
1588177958.1584,b8:27:eb:18:18:33,-53,fd6f,a1020304050607080910111213141516,40,0c,0000
1588177968.496466,b8:27:eb:18:18:33,-50,fd6f,a1020304050607080910111213141516,40,0c,0000
1588177978.9170003,b8:27:eb:18:18:33,-53,fd6f,a1020304050607080910111213141516,40,0c,0000
1588177989.2445228,b8:27:eb:18:18:33,-50,fd6f,a1020304050607080910111213141516,40,0c,0000
1588177999.7077994,b8:27:eb:18:18:33,-35,fd6f,a1020304050607080910111213141516,40,0c,0000
1588178010.1187565,b8:27:eb:18:18:33,-64,fd6f,a1020304050607080910111213141516,40,0c,0000
1588178020.5227275,b8:27:eb:18:18:33,-64,fd6f,a1020304050607080910111213141516,40,0c,0000
1588178030.9784176,b8:27:eb:18:18:33,-52,fd6f,a1020304050607080910111213141516,40,0c,0000
1588178041.389781,b8:27:eb:18:18:33,-35,fd6f,a1020304050607080910111213141516,40,0c,0000
1588178051.7860224,b8:27:eb:18:18:33,-53,fd6f,a1020304050607080910111213141516,40,0c,0000
1588178062.1199183,b8:27:eb:18:18:33,-61,fd6f,a1020304050607080910111213141516,40,0c,0000
1588178072.530564,b8:27:eb:18:18:33,-41,fd6f,a1020304050607080910111213141516,40,0c,0000
1588178082.9641452,b8:27:eb:18:18:33,-47,fd6f,a1020304050607080910111213141516,40,0c,0000
1588178093.3899047,b8:27:eb:18:18:33,-44,fd6f,a1020304050607080910111213141516,40,0c,0000
1588178103.8078554,b8:27:eb:18:18:33,-44,fd6f,a1020304050607080910111213141516,40,0c,0000
1588178114.204864,b8:27:eb:18:18:33,-62,fd6f,a1020304050607080910111213141516,40,0c,0000
1588178124.54196,b8:27:eb:18:18:33,-62,fd6f,a1020304050607080910111213141516,40,0c,0000
1588178134.9951625,b8:27:eb:18:18:33,-52,fd6f,a1020304050607080910111213141516,40,0c,0000
1588178145.4179485,b8:27:eb:18:18:33,-41,fd6f,a1020304050607080910111213141516,40,0c,0000
1588178155.8968582,b8:27:eb:18:18:33,-47,fd6f,a1020304050607080910111213141516,40,0c,0000
1588178166.2314382,b8:27:eb:18:18:33,-62,fd6f,a1020304050607080910111213141516,40,0c,0000
1588178176.6478279,b8:27:eb:18:18:33,-52,fd6f,a1020304050607080910111213141516,40,0c,0000
1588178186.982586,b8:27:eb:18:18:33,-58,fd6f,a1020304050607080910111213141516,40,0c,0000
1588178197.3857067,b8:27:eb:18:18:33,-62,fd6f,a1020304050607080910111213141516,40,0c,0000
1588178207.7842674,b8:27:eb:18:18:33,-59,fd6f,a1020304050607080910111213141516,40,0c,0000
1588178218.2355628,b8:27:eb:18:18:33,-59,fd6f,a1020304050607080910111213141516,40,0c,0000
1588178228.6882646,b8:27:eb:18:18:33,-52,fd6f,a1020304050607080910111213141516,40,0c,0000
1588178239.1218224,b8:27:eb:18:18:33,-35,fd6f,a1020304050607080910111213141516,40,0c,0000
1588178249.5711896,b8:27:eb:18:18:33,-35,fd6f,a1020304050607080910111213141516,40,0c,0000
1588178260.037648,b8:27:eb:18:18:33,-44,fd6f,a1020304050607080910111213141516,40,0c,0000
1588178270.4235678,b8:27:eb:18:18:33,-57,fd6f,a1020304050607080910111213141516,40,0c,0000
1588178280.8439126,b8:27:eb:18:18:33,-57,fd6f,a1020304050607080910111213141516,40,0c,0000
1588178291.2207377,b8:27:eb:18:18:33,-43,fd6f,a1020304050607080910111213141516,40,0c,0000
1588178301.6742604,b8:27:eb:18:18:33,-52,fd6f,a1020304050607080910111213141516,40,0c,0000
1588178312.057743,b8:27:eb:18:18:33,-42,fd6f,a1020304050607080910111213141516,40,0c,0000
1588178322.5139997,b8:27:eb:18:18:33,-45,fd6f,a1020304050607080910111213141516,40,0c,0000
1588178332.8987072,b8:27:eb:18:18:33,-52,fd6f,a1020304050607080910111213141516,40,0c,0000
1588178343.2896574,b8:27:eb:18:18:33,-52,fd6f,a1020304050607080910111213141516,40,0c,0000
1588178353.613693,b8:27:eb:18:18:33,-62,fd6f,a1020304050607080910111213141516,40,0c,0000
1588178363.946665,b8:27:eb:18:18:33,-42,fd6f,a1020304050607080910111213141516,40,0c,0000
1588178374.3480828,b8:27:eb:18:18:33,-56,fd6f,a1020304050607080910111213141516,40,0c,0000
1588178384.7099795,b8:27:eb:18:18:33,-35,fd6f,a1020304050607080910111213141516,40,0c,0000
1588178395.1735513,b8:27:eb:18:18:33,-53,fd6f,a1020304050607080910111213141516,40,0c,0000
1588178405.6050184,b8:27:eb:18:18:33,-35,fd6f,a1020304050607080910111213141516,40,0c,0000
1588178416.034317,b8:27:eb:18:18:33,-56,fd6f,a1020304050607080910111213141516,40,0c,0000
1588178426.473591,b8:27:eb:18:18:33,-47,fd6f,a1020304050607080910111213141516,40,0c,0000
1588178436.9314427,b8:27:eb:18:18:33,-53,fd6f,a1020304050607080910111213141516,40,0c,0000
1588178447.3971508,b8:27:eb:18:18:33,-47,fd6f,a1020304050607080910111213141516,40,0c,0000
1588178457.794734,b8:27:eb:18:18:33,-53,fd6f,a1020304050607080910111213141516,40,0c,0000
1588178468.188174,b8:27:eb:18:18:33,-59,fd6f,a1020304050607080910111213141516,40,0c,0000
1588178478.5509338,b8:27:eb:18:18:33,-48,fd6f,a1020304050607080910111213141516,40,0c,0000
1588178488.9720705,b8:27:eb:18:18:33,-89,fd6f,a1020304050607080910111213141516,40,0c,0000
1588178499.4309413,b8:27:eb:18:18:33,-48,fd6f,a1020304050607080910111213141516,40,0c,0000
1588178509.85218,b8:27:eb:18:18:33,-35,fd6f,a1020304050607080910111213141516,40,0c,0000
1588178520.2376797,b8:27:eb:18:18:33,-64,fd6f,a1020304050607080910111213141516,40,0c,0000
1588178530.6964247,b8:27:eb:18:18:33,-61,fd6f,a1020304050607080910111213141516,40,0c,0000
1588178541.1599283,b8:27:eb:18:18:33,-61,fd6f,a1020304050607080910111213141516,40,0c,0000
1588178551.6260867,b8:27:eb:18:18:33,-53,fd6f,a1020304050607080910111213141516,40,0c,0000
1588178562.0229757,b8:27:eb:18:18:33,-55,fd6f,a1020304050607080910111213141516,40,0c,0000
1588178572.4413683,b8:27:eb:18:18:33,-58,fd6f,a1020304050607080910111213141516,40,0c,0000
1588178582.8267488,b8:27:eb:18:18:33,-52,fd6f,a1020304050607080910111213141516,40,0c,0000
1588178593.2527583,b8:27:eb:18:18:33,-58,fd6f,a1020304050607080910111213141516,40,0c,0000
1588178603.6876788,b8:27:eb:18:18:33,-35,fd6f,a1020304050607080910111213141516,40,0c,0000
1588178614.109945,b8:27:eb:18:18:33,-53,fd6f,a1020304050607080910111213141516,40,0c,0000
1588178624.4683588,b8:27:eb:18:18:33,-63,fd6f,a1020304050607080910111213141516,40,0c,0000
1588178634.904331,b8:27:eb:18:18:33,-52,fd6f,a1020304050607080910111213141516,40,0c,0000
1588178645.3687098,b8:27:eb:18:18:33,-35,fd6f,a1020304050607080910111213141516,40,0c,0000
1588178655.79741,b8:27:eb:18:18:33,-32,fd6f,a1020304050607080910111213141516,40,0c,0000
1588178676.62027,b8:27:eb:18:18:33,-53,fd6f,a1020304050607080910111213141516,40,0c,0000
1588178687.0699763,b8:27:eb:18:18:33,-50,fd6f,a1020304050607080910111213141516,40,0c,0000
1588178697.5136747,b8:27:eb:18:18:33,-35,fd6f,a1020304050607080910111213141516,40,0c,0000
1588178707.9276655,b8:27:eb:18:18:33,-43,fd6f,a1020304050607080910111213141516,40,0c,0000
1588178718.299009,b8:27:eb:18:18:33,-58,fd6f,a1020304050607080910111213141516,40,0c,0000
1588178728.6747408,b8:27:eb:18:18:33,-52,fd6f,a1020304050607080910111213141516,40,0c,0000
1588178739.0268471,b8:27:eb:18:18:33,-63,fd6f,a1020304050607080910111213141516,40,0c,0000
1588178749.4522789,b8:27:eb:18:18:33,-51,fd6f,a1020304050607080910111213141516,40,0c,0000
1588178759.9219398,b8:27:eb:18:18:33,-51,fd6f,a1020304050607080910111213141516,40,0c,0000
1588178770.3926604,b8:27:eb:18:18:33,-35,fd6f,a1020304050607080910111213141516,40,0c,0000
1588178780.7743375,b8:27:eb:18:18:33,-42,fd6f,a1020304050607080910111213141516,40,0c,0000
1588178791.219532,b8:27:eb:18:18:33,-43,fd6f,a1020304050607080910111213141516,40,0c,0000
1588178801.6309462,b8:27:eb:18:18:33,-52,fd6f,a1020304050607080910111213141516,40,0c,0000
1588178812.0932503,b8:27:eb:18:18:33,-52,fd6f,a1020304050607080910111213141516,40,0c,0000
1588178822.5647619,b8:27:eb:18:18:33,-52,fd6f,a1020304050607080910111213141516,40,0c,0000
1588178832.937332,b8:27:eb:18:18:33,-56,fd6f,a1020304050607080910111213141516,40,0c,0000
1588178843.3979037,b8:27:eb:18:18:33,-52,fd6f,a1020304050607080910111213141516,40,0c,0000
1588178853.8002536,b8:27:eb:18:18:33,-35,fd6f,a1020304050607080910111213141516,40,0c,0000
1588178864.2430093,b8:27:eb:18:18:33,-56,fd6f,a1020304050607080910111213141516,40,0c,0000
1588178874.6208937,b8:27:eb:18:18:33,-35,fd6f,a1020304050607080910111213141516,40,0c,0000
1588178885.0837157,b8:27:eb:18:18:33,-48,fd6f,a1020304050607080910111213141516,40,0c,0000
1588178895.9455628,b8:27:eb:18:18:33,-62,fd6f,a1020304050607080910111213141516,40,0c,0000
1588178906.3218174,b8:27:eb:18:18:33,-35,fd6f,a1020304050607080910111213141516,40,0c,0000
1588178916.74216,b8:27:eb:18:18:33,-57,fd6f,a1020304050607080910111213141516,40,0c,0000
1588178927.2476335,b8:27:eb:18:18:33,-62,fd6f,a1020304050607080910111213141516,40,0c,0000
1588178937.6564848,b8:27:eb:18:18:33,-42,fd6f,a1020304050607080910111213141516,40,0c,0000
1588178948.0485463,b8:27:eb:18:18:33,-56,fd6f,a1020304050607080910111213141516,40,0c,0000
1588178958.4713223,b8:27:eb:18:18:33,-56,fd6f,a1020304050607080910111213141516,40,0c,0000
1588178968.9265945,b8:27:eb:18:18:33,-57,fd6f,a1020304050607080910111213141516,40,0c,0000
1588178979.3542752,b8:27:eb:18:18:33,-56,fd6f,a1020304050607080910111213141516,40,0c,0000
1588178989.7915032,b8:27:eb:18:18:33,-35,fd6f,a1020304050607080910111213141516,40,0c,0000
1588179000.1250913,b8:27:eb:18:18:33,-52,fd6f,a1020304050607080910111213141516,40,0c,0000
1588179010.528974,b8:27:eb:18:18:33,-58,fd6f,a1020304050607080910111213141516,40,0c,0000
1588179020.9902573,b8:27:eb:18:18:33,-47,fd6f,a1020304050607080910111213141516,40,0c,0000
1588179031.3578558,b8:27:eb:18:18:33,-56,fd6f,a1020304050607080910111213141516,40,0c,0000
1588179041.7836795,b8:27:eb:18:18:33,-35,fd6f,a1020304050607080910111213141516,40,0c,0000
1588179052.209117,b8:27:eb:18:18:33,-62,fd6f,a1020304050607080910111213141516,40,0c,0000
1588179062.6443987,b8:27:eb:18:18:33,-35,fd6f,a1020304050607080910111213141516,40,0c,0000
1588179073.0532813,b8:27:eb:18:18:33,-42,fd6f,a1020304050607080910111213141516,40,0c,0000
1588179083.4282598,b8:27:eb:18:18:33,-62,fd6f,a1020304050607080910111213141516,40,0c,0000
1588179093.8789563,b8:27:eb:18:18:33,-35,fd6f,a1020304050607080910111213141516,40,0c,0000
1588179104.342604,b8:27:eb:18:18:33,-52,fd6f,a1020304050607080910111213141516,40,0c,0000
1588179114.7975452,b8:27:eb:18:18:33,-35,fd6f,a1020304050607080910111213141516,40,0c,0000
1588179125.1920636,b8:27:eb:18:18:33,-42,fd6f,a1020304050607080910111213141516,40,0c,0000
1588179135.6023476,b8:27:eb:18:18:33,-52,fd6f,a1020304050607080910111213141516,40,0c,0000
1588179156.4414701,b8:27:eb:18:18:33,-61,fd6f,a1020304050607080910111213141516,40,0c,0000
1588179166.906806,b8:27:eb:18:18:33,-58,fd6f,a1020304050607080910111213141516,40,0c,0000
1588179177.3420858,b8:27:eb:18:18:33,-35,fd6f,a1020304050607080910111213141516,40,0c,0000
1588179187.8114033,b8:27:eb:18:18:33,-52,fd6f,a1020304050607080910111213141516,40,0c,0000
1588179198.2050185,b8:27:eb:18:18:33,-51,fd6f,a1020304050607080910111213141516,40,0c,0000
1588179208.632083,b8:27:eb:18:18:33,-64,fd6f,a1020304050607080910111213141516,40,0c,0000
1588179219.0273743,b8:27:eb:18:18:33,-50,fd6f,a1020304050607080910111213141516,40,0c,0000
1588179229.4868453,b8:27:eb:18:18:33,-52,fd6f,a1020304050607080910111213141516,40,0c,0000
1588179258.6482408,b8:27:eb:18:18:33,-52,fd6f,a1020304050607080910111213141516,40,0c,0000
1588179269.0353963,b8:27:eb:18:18:33,-56,fd6f,a1020304050607080910111213141516,40,0c,0000
1588179279.4957361,b8:27:eb:18:18:33,-56,fd6f,a1020304050607080910111213141516,40,0c,0000
1588179290.039415,b8:27:eb:18:18:33,-56,fd6f,a1020304050607080910111213141516,40,0c,0000
1588179300.4865592,b8:27:eb:18:18:33,-64,fd6f,a1020304050607080910111213141516,40,0c,0000
1588179310.9353547,b8:27:eb:18:18:33,-56,fd6f,a1020304050607080910111213141516,40,0c,0000
1588179321.3819993,b8:27:eb:18:18:33,-57,fd6f,a1020304050607080910111213141516,40,0c,0000
1588179331.7922912,b8:27:eb:18:18:33,-52,fd6f,a1020304050607080910111213141516,40,0c,0000
1588179342.1894085,b8:27:eb:18:18:33,-53,fd6f,a1020304050607080910111213141516,40,0c,0000
1588179388.0116854,b8:27:eb:18:18:33,-57,fd6f,a1020304050607080910111213141516,40,0c,0000
1588179398.4422193,b8:27:eb:18:18:33,-57,fd6f,a1020304050607080910111213141516,40,0c,0000
1588179408.8141875,b8:27:eb:18:18:33,-52,fd6f,a1020304050607080910111213141516,40,0c,0000
1588179419.3024874,b8:27:eb:18:18:33,-47,fd6f,a1020304050607080910111213141516,40,0c,0000
1588179429.7673666,b8:27:eb:18:18:33,-57,fd6f,a1020304050607080910111213141516,40,0c,0000
1588179440.1632733,b8:27:eb:18:18:33,-62,fd6f,a1020304050607080910111213141516,40,0c,0000
1588179450.5532353,b8:27:eb:18:18:33,-35,fd6f,a1020304050607080910111213141516,40,0c,0000
1588179460.9196913,b8:27:eb:18:18:33,-47,fd6f,a1020304050607080910111213141516,40,0c,0000
1588179471.3637826,b8:27:eb:18:18:33,-43,fd6f,a1020304050607080910111213141516,40,0c,0000
1588179481.7782142,b8:27:eb:18:18:33,-52,fd6f,a1020304050607080910111213141516,40,0c,0000
1588179492.1560621,b8:27:eb:18:18:33,-58,fd6f,a1020304050607080910111213141516,40,0c,0000
1588179502.6559737,b8:27:eb:18:18:33,-47,fd6f,a1020304050607080910111213141516,40,0c,0000
1588179513.139696,b8:27:eb:18:18:33,-35,fd6f,a1020304050607080910111213141516,40,0c,0000
1588179523.578198,b8:27:eb:18:18:33,-64,fd6f,a1020304050607080910111213141516,40,0c,0000
1588179534.0395796,b8:27:eb:18:18:33,-63,fd6f,a1020304050607080910111213141516,40,0c,0000
1588179544.5278108,b8:27:eb:18:18:33,-56,fd6f,a1020304050607080910111213141516,40,0c,0000
1588179554.9307292,b8:27:eb:18:18:33,-63,fd6f,a1020304050607080910111213141516,40,0c,0000
1588179565.3086686,b8:27:eb:18:18:33,-63,fd6f,a1020304050607080910111213141516,40,0c,0000
1588179575.7789788,b8:27:eb:18:18:33,-44,fd6f,a1020304050607080910111213141516,40,0c,0000
1588179586.2455134,b8:27:eb:18:18:33,-53,fd6f,a1020304050607080910111213141516,40,0c,0000
1588179596.6365266,b8:27:eb:18:18:33,-57,fd6f,a1020304050607080910111213141516,40,0c,0000
1588179607.0332315,b8:27:eb:18:18:33,-47,fd6f,a1020304050607080910111213141516,40,0c,0000
1588179617.4858642,b8:27:eb:18:18:33,-44,fd6f,a1020304050607080910111213141516,40,0c,0000
1588179627.8902092,b8:27:eb:18:18:33,-35,fd6f,a1020304050607080910111213141516,40,0c,0000
1588179638.329002,b8:27:eb:18:18:33,-52,fd6f,a1020304050607080910111213141516,40,0c,0000
1588179648.7336755,b8:27:eb:18:18:33,-62,fd6f,a1020304050607080910111213141516,40,0c,0000
1588179669.4088268,b8:27:eb:18:18:33,-61,fd6f,a1020304050607080910111213141516,40,0c,0000
1588179679.8736854,b8:27:eb:18:18:33,-59,fd6f,a1020304050607080910111213141516,40,0c,0000
1588179690.3444867,b8:27:eb:18:18:33,-62,fd6f,a1020304050607080910111213141516,40,0c,0000
1588179700.7489882,b8:27:eb:18:18:33,-52,fd6f,a1020304050607080910111213141516,40,0c,0000
1588179711.1568496,b8:27:eb:18:18:33,-62,fd6f,a1020304050607080910111213141516,40,0c,0000
1588179721.5532732,b8:27:eb:18:18:33,-57,fd6f,a1020304050607080910111213141516,40,0c,0000
1588179732.0314891,b8:27:eb:18:18:33,-57,fd6f,a1020304050607080910111213141516,40,0c,0000
1588179774.7794118,b8:27:eb:18:18:33,-43,fd6f,a1020304050607080910111213141516,40,0c,0000
1588179785.145805,b8:27:eb:18:18:33,-62,fd6f,a1020304050607080910111213141516,40,0c,0000
1588179795.5158515,b8:27:eb:18:18:33,-57,fd6f,a1020304050607080910111213141516,40,0c,0000
1588179805.9572246,b8:27:eb:18:18:33,-57,fd6f,a1020304050607080910111213141516,40,0c,0000
1588179816.4084194,b8:27:eb:18:18:33,-62,fd6f,a1020304050607080910111213141516,40,0c,0000
1588179826.8437912,b8:27:eb:18:18:33,-62,fd6f,a1020304050607080910111213141516,40,0c,0000
1588179837.2742722,b8:27:eb:18:18:33,-62,fd6f,a1020304050607080910111213141516,40,0c,0000
1588179847.6935945,b8:27:eb:18:18:33,-62,fd6f,a1020304050607080910111213141516,40,0c,0000
1588179858.143696,b8:27:eb:18:18:33,-35,fd6f,a1020304050607080910111213141516,40,0c,0000
1588179868.6107976,b8:27:eb:18:18:33,-44,fd6f,a1020304050607080910111213141516,40,0c,0000
1588179879.016424,b8:27:eb:18:18:33,-52,fd6f,a1020304050607080910111213141516,40,0c,0000
1588179889.4616022,b8:27:eb:18:18:33,-62,fd6f,a1020304050607080910111213141516,40,0c,0000
1588179899.849722,b8:27:eb:18:18:33,-52,fd6f,a1020304050607080910111213141516,40,0c,0000
1588179920.653101,b8:27:eb:18:18:33,-62,fd6f,a1020304050607080910111213141516,40,0c,0000
1588179931.1212134,b8:27:eb:18:18:33,-52,fd6f,a1020304050607080910111213141516,40,0c,0000
1588179941.509803,b8:27:eb:18:18:33,-62,fd6f,a1020304050607080910111213141516,40,0c,0000
1588179951.9023852,b8:27:eb:18:18:33,-48,fd6f,a1020304050607080910111213141516,40,0c,0000
1588179962.3067958,b8:27:eb:18:18:33,-58,fd6f,a1020304050607080910111213141516,40,0c,0000
1588179972.7640264,b8:27:eb:18:18:33,-48,fd6f,a1020304050607080910111213141516,40,0c,0000
1588179983.1741083,b8:27:eb:18:18:33,-57,fd6f,a1020304050607080910111213141516,40,0c,0000
1588179993.5466776,b8:27:eb:18:18:33,-47,fd6f,a1020304050607080910111213141516,40,0c,0000
1588180003.9556873,b8:27:eb:18:18:33,-35,fd6f,a1020304050607080910111213141516,40,0c,0000
1588180014.367698,b8:27:eb:18:18:33,-57,fd6f,a1020304050607080910111213141516,40,0c,0000
1588180024.826485,b8:27:eb:18:18:33,-35,fd6f,a1020304050607080910111213141516,40,0c,0000
1588180035.21359,b8:27:eb:18:18:33,-47,fd6f,a1020304050607080910111213141516,40,0c,0000
1588180045.6811173,b8:27:eb:18:18:33,-52,fd6f,a1020304050607080910111213141516,40,0c,0000
1588180056.0460114,b8:27:eb:18:18:33,-62,fd6f,a1020304050607080910111213141516,40,0c,0000
1588180066.4265206,b8:27:eb:18:18:33,-52,fd6f,a1020304050607080910111213141516,40,0c,0000
1588180076.8094134,b8:27:eb:18:18:33,-47,fd6f,a1020304050607080910111213141516,40,0c,0000
1588180087.261563,b8:27:eb:18:18:33,-48,fd6f,a1020304050607080910111213141516,40,0c,0000
1588180097.7213008,b8:27:eb:18:18:33,-52,fd6f,a1020304050607080910111213141516,40,0c,0000
1588180108.121424,b8:27:eb:18:18:33,-43,fd6f,a1020304050607080910111213141516,40,0c,0000
1588180118.6171052,b8:27:eb:18:18:33,-57,fd6f,a1020304050607080910111213141516,40,0c,0000
1588180129.0619655,b8:27:eb:18:18:33,-62,fd6f,a1020304050607080910111213141516,40,0c,0000
1588180139.458449,b8:27:eb:18:18:33,-35,fd6f,a1020304050607080910111213141516,40,0c,0000
1588180149.8837337,b8:27:eb:18:18:33,-59,fd6f,a1020304050607080910111213141516,40,0c,0000
1588180160.3260186,b8:27:eb:18:18:33,-62,fd6f,a1020304050607080910111213141516,40,0c,0000
1588180170.7108047,b8:27:eb:18:18:33,-62,fd6f,a1020304050607080910111213141516,40,0c,0000
1588180181.16606,b8:27:eb:18:18:33,-43,fd6f,a1020304050607080910111213141516,40,0c,0000
1588180191.5582178,b8:27:eb:18:18:33,-59,fd6f,a1020304050607080910111213141516,40,0c,0000
1588180291.8069055,b8:27:eb:18:18:33,-47,fd6f,a1020304050607080910111213141516,40,0c,0000
1588180302.2591555,b8:27:eb:18:18:33,-48,fd6f,a1020304050607080910111213141516,40,0c,0000
1588180312.6577945,b8:27:eb:18:18:33,-62,fd6f,a1020304050607080910111213141516,40,0c,0000
1588180323.100951,b8:27:eb:18:18:33,-52,fd6f,a1020304050607080910111213141516,40,0c,0000
1588180333.5873682,b8:27:eb:18:18:33,-62,fd6f,a1020304050607080910111213141516,40,0c,0000
1588180344.0474486,b8:27:eb:18:18:33,-47,fd6f,a1020304050607080910111213141516,40,0c,0000
1588180354.4628966,b8:27:eb:18:18:33,-57,fd6f,a1020304050607080910111213141516,40,0c,0000
1588180364.9169571,b8:27:eb:18:18:33,-57,fd6f,a1020304050607080910111213141516,40,0c,0000
1588180400.4303966,b8:27:eb:18:18:33,-62,fd6f,a1020304050607080910111213141516,40,0c,0000
1588180442.007565,b8:27:eb:18:18:33,-36,fd6f,a1020304050607080910111213141516,40,0c,0000
1588180463.056234,b8:27:eb:18:18:33,-52,fd6f,a1020304050607080910111213141516,40,0c,0000
1588180483.847673,b8:27:eb:18:18:33,-58,fd6f,a1020304050607080910111213141516,40,0c,0000
1588180494.2975688,b8:27:eb:18:18:33,-61,fd6f,a1020304050607080910111213141516,40,0c,0000
1588180504.7742424,b8:27:eb:18:18:33,-43,fd6f,a1020304050607080910111213141516,40,0c,0000
1588180515.1312008,b8:27:eb:18:18:33,-62,fd6f,a1020304050607080910111213141516,40,0c,0000
1588180525.5301952,b8:27:eb:18:18:33,-62,fd6f,a1020304050607080910111213141516,40,0c,0000
1588180535.9562438,b8:27:eb:18:18:33,-35,fd6f,a1020304050607080910111213141516,40,0c,0000
1588180567.2193348,b8:27:eb:18:18:33,-52,fd6f,a1020304050607080910111213141516,40,0c,0000
1588180577.6753974,b8:27:eb:18:18:33,-56,fd6f,a1020304050607080910111213141516,40,0c,0000
1588180588.121696,b8:27:eb:18:18:33,-42,fd6f,a1020304050607080910111213141516,40,0c,0000
1588180680.715617,b8:27:eb:18:18:33,-47,fd6f,a1020304050607080910111213141516,40,0c,0000
1588180691.1271875,b8:27:eb:18:18:33,-35,fd6f,a1020304050607080910111213141516,40,0c,0000
1588180722.2413776,b8:27:eb:18:18:33,-57,fd6f,a1020304050607080910111213141516,40,0c,0000
1588180753.503316,b8:27:eb:18:18:33,-62,fd6f,a1020304050607080910111213141516,40,0c,0000
1588180763.8951523,b8:27:eb:18:18:33,-52,fd6f,a1020304050607080910111213141516,40,0c,0000
1588180805.4282072,b8:27:eb:18:18:33,-56,fd6f,a1020304050607080910111213141516,40,0c,0000
1588180826.2535112,b8:27:eb:18:18:33,-35,fd6f,a1020304050607080910111213141516,40,0c,0000
1588180836.7047143,b8:27:eb:18:18:33,-58,fd6f,a1020304050607080910111213141516,40,0c,0000
1588180868.0683734,b8:27:eb:18:18:33,-58,fd6f,a1020304050607080910111213141516,40,0c,0000
1588180888.8729722,b8:27:eb:18:18:33,-56,fd6f,a1020304050607080910111213141516,40,0c,0000
1588180899.3422446,b8:27:eb:18:18:33,-62,fd6f,a1020304050607080910111213141516,40,0c,0000
1588180909.823946,b8:27:eb:18:18:33,-61,fd6f,a1020304050607080910111213141516,40,0c,0000
1588180920.2230656,b8:27:eb:18:18:33,-52,fd6f,a1020304050607080910111213141516,40,0c,0000
1588180962.0979037,b8:27:eb:18:18:33,-47,fd6f,a1020304050607080910111213141516,40,0c,0000
1588180982.97362,b8:27:eb:18:18:33,-42,fd6f,a1020304050607080910111213141516,40,0c,0000
1588181170.3475597,b8:27:eb:18:18:33,-51,fd6f,a1020304050607080910111213141516,40,0c,0000
1588181274.2482553,b8:27:eb:18:18:33,-58,fd6f,a1020304050607080910111213141516,40,0c,0000
1588181284.597977,b8:27:eb:18:18:33,-52,fd6f,a1020304050607080910111213141516,40,0c,0000
1588181336.7230456,b8:27:eb:18:18:33,-59,fd6f,a1020304050607080910111213141516,40,0c,0000
1588181347.1565294,b8:27:eb:18:18:33,-42,fd6f,a1020304050607080910111213141516,40,0c,0000
1588181357.5488741,b8:27:eb:18:18:33,-35,fd6f,a1020304050607080910111213141516,40,0c,0000
1588181368.0375762,b8:27:eb:18:18:33,-52,fd6f,a1020304050607080910111213141516,40,0c,0000
1588181378.4076982,b8:27:eb:18:18:33,-35,fd6f,a1020304050607080910111213141516,40,0c,0000
1588181388.835171,b8:27:eb:18:18:33,-62,fd6f,a1020304050607080910111213141516,40,0c,0000
1588181399.3115876,b8:27:eb:18:18:33,-59,fd6f,a1020304050607080910111213141516,40,0c,0000
1588181409.7098362,b8:27:eb:18:18:33,-52,fd6f,a1020304050607080910111213141516,40,0c,0000
1588181420.1007788,b8:27:eb:18:18:33,-54,fd6f,a1020304050607080910111213141516,40,0c,0000
1588181430.5652156,b8:27:eb:18:18:33,-52,fd6f,a1020304050607080910111213141516,40,0c,0000
1588181441.0209048,b8:27:eb:18:18:33,-52,fd6f,a1020304050607080910111213141516,40,0c,0000
1588181451.425751,b8:27:eb:18:18:33,-43,fd6f,a1020304050607080910111213141516,40,0c,0000
1588181461.8082922,b8:27:eb:18:18:33,-35,fd6f,a1020304050607080910111213141516,40,0c,0000
1588181472.2436752,b8:27:eb:18:18:33,-57,fd6f,a1020304050607080910111213141516,40,0c,0000
1588181482.6481822,b8:27:eb:18:18:33,-53,fd6f,a1020304050607080910111213141516,40,0c,0000
1588181493.0761852,b8:27:eb:18:18:33,-52,fd6f,a1020304050607080910111213141516,40,0c,0000
1588181503.4539573,b8:27:eb:18:18:33,-52,fd6f,a1020304050607080910111213141516,40,0c,0000
1588181513.8996072,b8:27:eb:18:18:33,-63,fd6f,a1020304050607080910111213141516,40,0c,0000
1588181524.3584793,b8:27:eb:18:18:33,-62,fd6f,a1020304050607080910111213141516,40,0c,0000
1588181534.704365,b8:27:eb:18:18:33,-42,fd6f,a1020304050607080910111213141516,40,0c,0000
1588181545.1664135,b8:27:eb:18:18:33,-52,fd6f,a1020304050607080910111213141516,40,0c,0000
1588181555.6435053,b8:27:eb:18:18:33,-44,fd6f,a1020304050607080910111213141516,40,0c,0000
1588181565.991759,b8:27:eb:18:18:33,-53,fd6f,a1020304050607080910111213141516,40,0c,0000
1588181576.4416537,b8:27:eb:18:18:33,-52,fd6f,a1020304050607080910111213141516,40,0c,0000
1588181586.899513,b8:27:eb:18:18:33,-59,fd6f,a1020304050607080910111213141516,40,0c,0000
1588181611.9461741,b8:27:eb:18:18:33,-48,fd6f,a1020304050607080910111213141516,40,0c,0000
1588181622.3747,b8:27:eb:18:18:33,-57,fd6f,a1020304050607080910111213141516,40,0c,0000
1588181632.761687,b8:27:eb:18:18:33,-48,fd6f,a1020304050607080910111213141516,40,0c,0000
1588181643.2056336,b8:27:eb:18:18:33,-57,fd6f,a1020304050607080910111213141516,40,0c,0000
1588181653.588418,b8:27:eb:18:18:33,-52,fd6f,a1020304050607080910111213141516,40,0c,0000
1588181664.0362737,b8:27:eb:18:18:33,-57,fd6f,a1020304050607080910111213141516,40,0c,0000
1588181674.442126,b8:27:eb:18:18:33,-62,fd6f,a1020304050607080910111213141516,40,0c,0000
1588181684.921684,b8:27:eb:18:18:33,-35,fd6f,a1020304050607080910111213141516,40,0c,0000
1588181695.2959023,b8:27:eb:18:18:33,-58,fd6f,a1020304050607080910111213141516,40,0c,0000
1588181724.6410599,b8:27:eb:18:18:33,-52,fd6f,a1020304050607080910111213141516,40,0c,0000
1588181735.0422258,b8:27:eb:18:18:33,-62,fd6f,a1020304050607080910111213141516,40,0c,0000
1588181745.438959,b8:27:eb:18:18:33,-48,fd6f,a1020304050607080910111213141516,40,0c,0000
1588181755.891431,b8:27:eb:18:18:33,-48,fd6f,a1020304050607080910111213141516,40,0c,0000
1588181766.2934206,b8:27:eb:18:18:33,-63,fd6f,a1020304050607080910111213141516,40,0c,0000
1588181776.6215317,b8:27:eb:18:18:33,-63,fd6f,a1020304050607080910111213141516,40,0c,0000
1588181787.0522637,b8:27:eb:18:18:33,-52,fd6f,a1020304050607080910111213141516,40,0c,0000
1588181797.4912298,b8:27:eb:18:18:33,-63,fd6f,a1020304050607080910111213141516,40,0c,0000
1588181807.9291189,b8:27:eb:18:18:33,-57,fd6f,a1020304050607080910111213141516,40,0c,0000
1588181818.3166554,b8:27:eb:18:18:33,-43,fd6f,a1020304050607080910111213141516,40,0c,0000
1588181828.7151842,b8:27:eb:18:18:33,-57,fd6f,a1020304050607080910111213141516,40,0c,0000
1588181839.15001,b8:27:eb:18:18:33,-57,fd6f,a1020304050607080910111213141516,40,0c,0000
1588181849.5339506,b8:27:eb:18:18:33,-44,fd6f,a1020304050607080910111213141516,40,0c,0000
1588181859.9566388,b8:27:eb:18:18:33,-62,fd6f,a1020304050607080910111213141516,40,0c,0000
1588181870.3550718,b8:27:eb:18:18:33,-35,fd6f,a1020304050607080910111213141516,40,0c,0000
1588181880.7253659,b8:27:eb:18:18:33,-62,fd6f,a1020304050607080910111213141516,40,0c,0000
